具体链接,标题,小区,户型,面积,距离,满五,钥匙,总价,单价,查看人数,楼层,建造时间,装修,朝向,首付,月供,区域,地址,上次交易,房屋类型
http://sh.lianjia.com/ershoufang/sh4499373.html,如您所见，成熟社区，高清照片，温馨之家,玉田新村,1室0厅,28.88平,距离8号线曲阳路站386米,满五,有钥匙,157,54362元/平,36,中区/5层,1965年建,简装,南,54.9万,5416元,虹口 曲阳,"玉田新村, 大连西路72号, 大连西路86号, 大连西路88号, 大连西路94号, 大连西路90号",暂无数据,住宅 - 公寓
http://sh.lianjia.com/ershoufang/sh4210715.html,金信公寓，一链倾城，看房有钥匙，高清大图,金信公寓,1室1厅,53.69平,距离10号线江湾体育场站808米,满五,有钥匙,290,54013元/平,47,高区/7层,1997年建,中装,南北,101.5万,10004元,杨浦 中原,政府路61弄,2007-11-20,住宅 - 公寓
http://sh.lianjia.com/ershoufang/sh4532066.html,链家房源，受欢迎好房，看房方便，精致户型,东镇小区,2室1厅,78.48平,距离10号线交通大学站64米,满五,有钥匙,590,75178元/平,13,高区/18层,暂无数据,简装,东,206.5万,20353元,长宁 新华路,法华镇路25弄,2001-08-02,住宅 - 公寓
http://sh.lianjia.com/ershoufang/sh4514341.html,华浜新村，有爱有家，满五年少税，高清实拍,华浜新村,2室0厅,51.81平,距离3号线淞发路站917米,满五,有钥匙,230,44392元/平,9,高区/5层,1985年建,简装,南,80.5万,7934元,宝山 淞南,华浜新村,2001-05-14,住宅 - 公寓
http://sh.lianjia.com/ershoufang/sh4496577.html,上南十一村，光线棒，看房客户多，业主诚意出售,上南十一村,2室1厅,42.08平,距离8号线成山路站357米,满五,,270,64163元/平,17,高区/6层,1993年建,暂无数据,南,94.5万,9314元,浦东 世博,德州路150弄,2008-12-01,住宅 - 公寓
http://sh.lianjia.com/ershoufang/sh4499209.html,东苑半岛花园（公寓），近地铁，南北直通，配套完善,东苑半岛花园（公寓）,2室2厅,89.08平,距离12号线虹莘路站508米,满五,有钥匙,580,65110元/平,30,中区/5层,2001年建,毛坯,南北,203万,20008元,闵行 古美,"顾戴路1266弄,虹莘路2058弄",暂无数据,住宅 - 公寓
http://sh.lianjia.com/ershoufang/sh4498912.html,有钥匙方便看，受欢迎好房，正规成熟小区，上门实勘,政德东路88号,2室1厅,88.69平,距离10号线江湾体育场站794米,满五,有钥匙,600,67651元/平,23,高区/15层,暂无数据,精装,南,210万,20698元,杨浦 中原,政德东路88号,2009-02-20,住宅 - 公寓
http://sh.lianjia.com/ershoufang/sh4395540.html,满五省税费，业主诚意出售，放心好房，高清大图,大桥小区,1室0厅,32.72平,距离11号线隆德路站431米,满五,有钥匙,250,76405元/平,25,中区/7层,1987年建,中装,北,87.5万,8624元,长宁 中山公园,"长宁支路133弄1-16号,长宁支路165弄1-11号",2003-01-29,住宅 - 公寓
http://sh.lianjia.com/ershoufang/sh4520355.html,中大苑，满五省税费，好房好心情，好楼层,中大苑,1室1厅,40.64平,距离6号线五莲路站625米,满五,有钥匙,245,60285元/平,13,中区/6层,1996年建,中装,南,85.8万,8452元,浦东 金桥,荷泽路287弄,2002-12-24,住宅 - 公寓
http://sh.lianjia.com/ershoufang/sh4520152.html,公馆77，2室2厅1卫，业主诚意出售，配套完善,公馆77,2室2厅,105.1平,距离8号线陆家浜路站433米,满五,有钥匙,1280,121788元/平,45,高区/19层,暂无数据,精装,南,448万,44156元,黄浦 老西门,建国新路77弄,2011-12-29,住宅 - 公寓
http://sh.lianjia.com/ershoufang/sh4478092.html,政立路80弄，受欢迎好房，诚意出售，高清实拍,政立路80弄,2室1厅,55.5平,距离10号线江湾体育场站774米,满五,有钥匙,355,63963元/平,53,中区/5层,1986年建,简装,南北,124.2万,12247元,杨浦 中原,政立路80弄,暂无数据,住宅 - 公寓
http://sh.lianjia.com/ershoufang/sh4475931.html,业主信赖，正规成熟小区，钥匙在店，高区采光好,罗阳七村,2室1厅,56.51平,距离1号线外环路站752米,满五,有钥匙,305,53972元/平,13,高区/6层,1996年建,中装,南,106.8万,10522元,闵行 梅陇,"罗阳路750弄（华宝小区）,罗阳路800弄（三洲花园）",暂无数据,住宅 - 公寓
http://sh.lianjia.com/ershoufang/sh4470152.html,长新大楼，有钥匙，业主信赖，温馨之家,长新大楼,1室1厅,36.62平,距离1号线新闸路站166米,满五,有钥匙,370,101037元/平,43,高区/21层,暂无数据,简装,西北,129.5万,12764元,黄浦 人民广场,新闸路200号,暂无数据,住宅 - 公寓
http://sh.lianjia.com/ershoufang/sh4461318.html,虹桥路400弄，业主信赖，简约二室，附近有地铁,虹桥路400弄,2室1厅,73.25平,距离4号线宜山路站725米,满五,有钥匙,595,81228元/平,81,高区/18层,1994年建,精装,西南,208.2万,20526元,徐汇 徐家汇,虹桥路400弄,2003-09-30,住宅 - 公寓
http://sh.lianjia.com/ershoufang/sh4459567.html,高清大图，业主诚意出售，看房有钥匙，南北通,沧州路180弄,2室1厅,57.02平,距离8号线黄兴路站783米,满五,有钥匙,400,70150元/平,25,高区/6层,1987年建,中装,南北,140万,13799元,杨浦 黄兴公园,沧州路180弄,暂无数据,住宅 - 公寓
http://sh.lianjia.com/ershoufang/sh4451223.html,国和路600弄，南北通透，看房方便，好房待售,国和路600弄,2室1厅,70.71平,距离10号线三门路站908米,满五,有钥匙,380,53740元/平,20,高区/6层,1996年建,中装,南北,133万,13109元,杨浦 中原,国和路600弄,2000-12-27,住宅 - 公寓
http://sh.lianjia.com/ershoufang/sh4450117.html,业主信赖，小户型，人气房源，满五省税费,大宅风范城,1室2厅,67.88平,距离13号线金运路站746米,满五,有钥匙,355,52298元/平,48,中区/13层,2007年建,精装,南,124.2万,12247元,嘉定 江桥,鹤望路365弄,暂无数据,住宅 - 公寓
http://sh.lianjia.com/ershoufang/sh4410993.html,看房客户多，链家好房，高清大图，南北通,潍坊四村,1室0厅,41.9平,距离6号线蓝村路站803米,满五,有钥匙,310,73985元/平,11,低区/6层,1981年建,精装,南北,108.5万,10694元,浦东 潍坊,"浦电300弄,浦电路479弄",暂无数据,住宅 - 公寓
http://sh.lianjia.com/ershoufang/sh4328245.html,满五年少税，享受好房，成熟社区，出行方便,雅典花苑,2室2厅,144.75平,距离10号线水城路站805米,满五,有钥匙,815,56303元/平,141,中区/18层,1996年建,精装,东西,285.2万,28115元,长宁 古北,荣华东道46-50号,2011-06-21,住宅 - 公寓
http://sh.lianjia.com/ershoufang/sh4281292.html,1室1厅1卫，地铁沿线，正规成熟小区，高清实拍,梅陇二村,1室1厅,45.01平,距离1号线莲花路站832米,满五,有钥匙,240,53321元/平,83,中区/6层,1988年建,中装,南,84万,8279元,闵行 梅陇,梅陇二村,2001-03-26,住宅 - 公寓
http://sh.lianjia.com/ershoufang/sh4270821.html,有爱有家，小户型，诚意出售，有装修,橡胶小区,1室1厅,48.33平,距离9号线肇嘉浜路站531米,满五,有钥匙,375,77591元/平,58,中区/24层,暂无数据,精装,西南,131.2万,12936元,徐汇 徐家汇,宛平南路19弄,2006-05-12,住宅 - 公寓
http://sh.lianjia.com/ershoufang/sh4260192.html,长寿新村（普陀），出行方便，满五年少税，实地看房,长寿新村（普陀）,2室1厅,73.08平,距离13号线长寿路站363米,满五,有钥匙,475,64997元/平,136,高区/26层,暂无数据,简装,西南,166.2万,16386元,普陀 长寿路,常德路1298弄1-4号,2004-03-02,住宅 - 公寓
http://sh.lianjia.com/ershoufang/sh4245593.html,附近有地铁，上门实拍，人气房源，南北通透,通河四村,2室1厅,59.11平,距离1号线通河新村站477米,满五,有钥匙,305,51598元/平,13,高区/6层,1997年建,精装,南北,106.8万,10522元,宝山 通河,长江西路52号,2000-12-02,住宅 - 公寓
http://sh.lianjia.com/ershoufang/sh4184870.html,高清实拍，满五税费低，诚意出售，正规成熟小区,锦绣花园,3室2厅,114.84平,距离4号线虹桥路站425米,满五,有钥匙,698,60780元/平,13,中区/18层,暂无数据,中装,东南,244.3万,24079元,长宁 新华路,中山西路1221号,2005-03-29,住宅 - 公寓
http://sh.lianjia.com/ershoufang/sh3025187.html,大气四室，真实在售，钥匙在店，满五年少税,古北瑞仕花园,4室2厅,229.61平,距离10号线伊犁路站335米,满五,有钥匙,1880,81877元/平,123,低区/33层,暂无数据,精装,南北,658万,64855元,长宁 古北,黄金城道500弄,2007-09-28,住宅 - 公寓
http://sh.lianjia.com/ershoufang/sh4535666.html,采光棒，好房好心情，近地铁，高清大图,曲一花苑,2室1厅,56.79平,距离8号线曲阳路站69米,满五,,499,87867元/平,4,高区/12层,1983年建,暂无数据,暂无数据,174.6万,17214元,虹口 曲阳,"大连西路230弄,曲阳路501号,曲阳路511号,曲阳路521号,曲阳路531号,曲阳路541号,曲阳路551号",暂无数据,住宅 - 公寓
http://sh.lianjia.com/ershoufang/sh4526158.html,满五税费低，诚意出售，1室1厅，毛坯房,瑞和新苑,1室1厅,54.73平,,满五,有钥匙,235,42938元/平,12,中区/14层,2008年建,毛坯,南,82.2万,8107元,闵行 浦江,"江航路60弄,浦涛路399弄,浦涛路400弄",2008-06-06,住宅 - 公寓
http://sh.lianjia.com/ershoufang/sh4485159.html,长华绿苑，诚意出售，上下楼方便，新上房源,长华绿苑,2室2厅,95.41平,距离8号线延吉中路站995米,满五,有钥匙,600,62886元/平,19,低区/11层,暂无数据,中装,南北,210万,20698元,杨浦 黄兴公园,"延吉东路140弄,延吉东路160弄",暂无数据,住宅 - 公寓
http://sh.lianjia.com/ershoufang/sh4444133.html,成熟社区，上门实拍，业主诚意出售，新鲜好房,彭顺小区,1室1厅,41.83平,距离1号线彭浦新村站540米,满二,有钥匙,190,45421元/平,42,中区/5层,暂无数据,简装,南,66.5万,6554元,闸北 彭浦,"场中路2001弄, 岭南路15弄, 场中路2041弄, 闻喜路717号, 闻喜路707号, 闻喜路675号, 闻喜路685号, 闻喜路695号, 彭浦新村201-288号",2014-09-29,住宅 - 公寓
http://sh.lianjia.com/ershoufang/sh4403337.html,带装修，视野开阔，附近有地铁，高清大图,瑞金二路410弄,2室1厅,58.43平,距离9号线打浦桥站240米,满五,,490,83861元/平,3,高区/7层,暂无数据,精装,南北,171.5万,16904元,黄浦 打浦桥,瑞金二路410弄,暂无数据,住宅 - 公寓
http://sh.lianjia.com/ershoufang/sh4504584.html,实地看房，满五税费低，正规成熟小区，房型正气,香楠小区,2室1厅,76.54平,距离2号线广兰路站948米,满五,有钥匙,460,60099元/平,7,高区/6层,暂无数据,精装,南北,161万,15869元,浦东 张江,"香楠路39弄,香楠路65弄,香楠路199弄,香楠路200弄,香楠路276弄,广兰路248弄",2003-12-03,住宅 - 公寓
http://sh.lianjia.com/ershoufang/sh4526506.html,看房方便，实地看房，满五年少税，业主诚意出售,橡胶小区,1室1厅,48.0平,距离9号线肇嘉浜路站531米,满五,有钥匙,370,77083元/平,9,低区/24层,暂无数据,精装,南,129.5万,12764元,徐汇 徐家汇,宛平南路19弄,2009-08-26,住宅 - 公寓
http://sh.lianjia.com/ershoufang/sh4509659.html,配套完善，上门实勘，业主诚意出售，有钥匙,隆昌路702弄,2室1厅,47.38平,距离8号线延吉中路站681米,满五,有钥匙,267,56352元/平,3,高区/6层,1979年建,暂无数据,南,93.4万,9211元,杨浦 周家嘴路,隆昌路702弄,2003-01-07,住宅 - 公寓
http://sh.lianjia.com/ershoufang/sh4508947.html,业主信赖，房型正气，实地看房，两室户,九英里,2室2厅,98.76平,距离1号线通河新村站872米,满五,有钥匙,590,59740元/平,8,中区/12层,2007年建,中装,南北,206.5万,20353元,宝山 共康,长临路1318弄,暂无数据,住宅 - 公寓
http://sh.lianjia.com/ershoufang/sh4505426.html,天馨花园（公寓），2室2厅1卫，空气清新，南北直通,天馨花园（公寓）,2室2厅,85.45平,距离1号线宝安公路站679米,满五,有钥匙,410,47981元/平,5,中区/6层,2007年建,精装,南北,143.5万,14144元,宝山 杨行,蕴川路1498弄,暂无数据,住宅 - 公寓
http://sh.lianjia.com/ershoufang/sh4505399.html,南北通，业主信赖，配套完善，省装修费,曙光苑,3室2厅,134.12平,距离2号线川沙站979米,满五,有钥匙,540,40262元/平,7,中区/7层,暂无数据,精装,南北,189万,18629元,浦东 川沙,学北路165弄,暂无数据,住宅 - 公寓
http://sh.lianjia.com/ershoufang/sh4492090.html,静安新城（三区），简约二室，满5税费少，看房有钥匙,静安新城（三区）,2室1厅,70.55平,距离9号线合川路站659米,满五,有钥匙,395,55988元/平,9,高区/6层,1997年建,中装,南,138.2万,13626元,闵行 静安新城,漕宝路1467弄,2000-01-06,住宅 - 公寓
http://sh.lianjia.com/ershoufang/sh4519889.html,慧芝湖花园，看房客户多，满五省税费，地铁沿线,慧芝湖花园,2室2厅,105.89平,距离1号线上海马戏城站729米,满五,有钥匙,965,91132元/平,11,低区/36层,暂无数据,精装,南,337.8万,33290元,闸北 大宁,"平型关路1083弄（一、二期）,平型关路1088弄（三期）,平型关路1018号",暂无数据,住宅 - 公寓
http://sh.lianjia.com/ershoufang/sh4509372.html,放心好房，适合自住，多次带看，业主信赖,久耕小区,2室1厅,84.1平,距离10号线四川北路站618米,满五,有钥匙,530,63020元/平,31,中区/22层,暂无数据,中装,东南,185.5万,18284元,虹口 北外滩,"海宁路5号,海宁路55号,海宁路105号,峨眉路366弄,九龙路515号",暂无数据,住宅 - 公寓
http://sh.lianjia.com/ershoufang/sh4502311.html,业主诚意出售，高清实拍，好房待售，南北直通,古北瑞仕花园,3室2厅,162.74平,距离10号线伊犁路站335米,满五,有钥匙,1650,101388元/平,66,高区/18层,暂无数据,豪装,南北,577.5万,56920元,长宁 古北,黄金城道500弄,2004-02-17,住宅 - 公寓
http://sh.lianjia.com/ershoufang/sh4501070.html,工农四村星源绿苑，满五省税费，看房方便，诚意出售,工农四村星源绿苑,2室1厅,59.05平,距离8号线市光路站791米,满五,有钥匙,327,55376元/平,20,高区/6层,1996年建,简装,南北,114.4万,11281元,杨浦 中原,工农四村47-82号,暂无数据,住宅 - 公寓
http://sh.lianjia.com/ershoufang/sh4496127.html,石光小区，上门实拍，有钥匙房源，业主信赖,石光小区,2室0厅,65.16平,距离3号线镇坪路站708米,满五,有钥匙,405,62154元/平,17,高区/19层,1990年建,中装,西南,141.8万,13971元,普陀 光新,光新路191弄1-30号,暂无数据,住宅 - 公寓
http://sh.lianjia.com/ershoufang/sh4492887.html,满五省税费，近地铁，两室户，好房待售,祁连二村,2室1厅,77.28平,距离7号线上海大学站847米,满五,有钥匙,330,42701元/平,15,中区/6层,1997年建,中装,南,115.5万,11384元,宝山 上大,祁连二村,暂无数据,住宅 - 公寓
http://sh.lianjia.com/ershoufang/sh4462124.html,精致户型，出行方便，省装修费，满五年少税,品臻国际公寓,2室1厅,67.69平,距离6号线外高桥保税区北站365米,满五,有钥匙,315,46535元/平,15,高区/19层,暂无数据,精装,南,110.2万,10867元,浦东 外高桥,杨高北路610弄,暂无数据,住宅 - 公寓
http://sh.lianjia.com/ershoufang/sh4461781.html,水电路1013弄，上门实拍，2室1厅1卫，业主诚意出售,水电路1013弄,2室1厅,80.7平,距离3号线大柏树站395米,满五,有钥匙,500,61957元/平,69,高区/25层,1990年建,中装,东南,175万,17249元,虹口 凉城,水电路1013弄,暂无数据,住宅 - 公寓
http://sh.lianjia.com/ershoufang/sh4458981.html,高清实拍，配套完善，钥匙在店，如您所见,东陆新村六街坊,2室1厅,64.0平,距离12号线杨高北路站678米,满五,有钥匙,330,51562元/平,47,高区/6层,1995年建,中装,南,115.5万,11384元,浦东 金桥,"巨峰路90弄,巨峰路176弄",暂无数据,住宅 - 公寓
http://sh.lianjia.com/ershoufang/sh4452445.html,华秀小区，业主诚意出售，地铁沿线，满5税费少,华秀小区,1室1厅,40.34平,距离11号线隆德路站704米,满五,有钥匙,290,71888元/平,28,高区/6层,暂无数据,精装,南,101.5万,10004元,长宁 中山公园,万航渡路1424弄,暂无数据,住宅 - 公寓
http://sh.lianjia.com/ershoufang/sh4435001.html,天东小区，舒适三室，诚意出售，上门实拍,天东小区,3室2厅,105.43平,距离4号线宝山路站223米,满五,有钥匙,740,70188元/平,23,低区/22层,1999年建,中装,南,259万,25528元,闸北 西藏北路,"天目东路206号,天目东路220号",2004-03-24,住宅 - 公寓
http://sh.lianjia.com/ershoufang/sh4430412.html,正规成熟小区，诚意出售，品质装修，真实在售,泰欣嘉园,3室2厅,134.46平,距离3号线镇坪路站296米,满五,有钥匙,1250,92964元/平,69,低区/38层,暂无数据,精装,南,437.5万,43122元,普陀 武宁,光复西路133弄,暂无数据,住宅 - 公寓
http://sh.lianjia.com/ershoufang/sh4426801.html,沁春园二村，诚意出售，无装修，实地看房,沁春园二村,2室2厅,103.58平,距离5号线春申路站829米,满五,有钥匙,500,48271元/平,11,中区/6层,2000年建,毛坯,南北,175万,17249元,闵行 莘庄,莘西南路155弄,2001-12-13,住宅 - 公寓
http://sh.lianjia.com/ershoufang/sh4382363.html,上门实勘，链家好房，链家有钥匙，附近有地铁,和平花苑,3室2厅,122.54平,距离8号线鞍山新村站308米,满五,有钥匙,895,73037元/平,91,低区/34层,1997年建,中装,南,313.2万,30875元,杨浦 鞍山,"大连路1288弄, 控江路2200号, 控江路2202号, 控江路2204号",暂无数据,住宅 - 公寓
http://sh.lianjia.com/ershoufang/sh4370345.html,新沪东公寓，上门实勘，有钥匙房源，受欢迎好房,新沪东公寓,2室1厅,92.83平,距离6号线博兴路站347米,满五,有钥匙,560,60325元/平,15,低区/18层,2006年建,中装,南,196万,19318元,浦东 金桥,柳埠路196弄,暂无数据,住宅 - 公寓
http://sh.lianjia.com/ershoufang/sh4317747.html,钥匙在链家，地铁沿线，受欢迎好房，光线非常好,延武机电大楼,3室1厅,75.77平,距离11号线江苏路站802米,满五,有钥匙,590,77867元/平,25,高区/22层,1990年建,毛坯,南,206.5万,20353元,长宁 新华路,"延安西路1000号,延安西路1020号",2002-09-02,住宅 - 公寓
http://sh.lianjia.com/ershoufang/sh4308659.html,受欢迎好房，低楼层，近地铁，满五税费低,控江四村,1室0厅,22.62平,距离8号线黄兴路站806米,满五,有钥匙,145,64102元/平,77,低区/3层,1956年建,简装,东北,50.8万,5002元,杨浦 黄兴公园,松花江路977弄,2005-01-17,住宅 - 公寓
http://sh.lianjia.com/ershoufang/sh4286566.html,业主信赖，3室2厅2卫，地铁沿线，放心好房,瑞虹新城（二期）,3室2厅,122.42平,距离4号线临平路站184米,满五,有钥匙,1060,86587元/平,376,低区/39层,暂无数据,精装,南北,371万,36567元,虹口 临平路,临平路133弄,2007-09-13,住宅 - 公寓
http://sh.lianjia.com/ershoufang/sh4526053.html,正规成熟小区，低楼层，业主诚意出售，南北户型,工农三村,2室1厅,56.44平,距离8号线市光路站371米,满五,,330,58469元/平,25,低区/6层,1990年建,暂无数据,南北,115.5万,11384元,杨浦 中原,工农三村,暂无数据,住宅 - 公寓
http://sh.lianjia.com/ershoufang/sh4503537.html,有装修，满五省税费，链家房源，看房客户多,杨家宅小区,1室1厅,41.15平,距离12号线隆昌路站782米,满五,,280,68043元/平,12,中区/6层,1989年建,精装,南,98万,9659元,杨浦 周家嘴路,平凉路1782弄,暂无数据,住宅 - 公寓
http://sh.lianjia.com/ershoufang/sh4501493.html,民星二村，高清照片，配套完善，诚意出售,民星二村,1室1厅,42.32平,距离8号线嫩江路站548米,满五,,232,54820元/平,11,高区/6层,1990年建,精装,东南,81.2万,8003元,杨浦 中原,"民星路400弄,民星路420号,民星二村",暂无数据,住宅 - 公寓
http://sh.lianjia.com/ershoufang/sh4498077.html,配套完善，适合自住，南北户型，高区阳光房,市光一村,2室1厅,58.39平,距离8号线嫩江路站351米,满五,,338,57886元/平,11,高区/6层,1989年建,精装,南北,118.3万,11660元,杨浦 中原,市光一村,2000-12-28,住宅 - 公寓
http://sh.lianjia.com/ershoufang/sh4482224.html,一室小户型，高清照片，业主信赖，满五税费低,东安二村,1室1厅,31.26平,距离7号线东安路站230米,满五,,255,81573元/平,12,低区/6层,1998年建,简装,西北,89.2万,8797元,徐汇 徐家汇,东安二村,2000-05-26,住宅 - 公寓
http://sh.lianjia.com/ershoufang/sh4525717.html,配套完善，有爱有家，装修精美，高清照片,盛世宝邸（一期）,3室2厅,120.72平,距离3号线长江南路站463米,满五,有钥匙,790,65440元/平,23,低区/18层,2010年建,精装,南北,276.5万,27253元,宝山 淞南,淞塘路98弄,2011-03-14,住宅 - 公寓
http://sh.lianjia.com/ershoufang/sh4507179.html,好房待售，上门实拍，正规成熟小区，满5税费少,文化花园清华苑,2室2厅,100.0平,距离3号线江湾镇站380米,满五,有钥匙,700,70000元/平,28,低区/11层,2000年建,精装,南北,245万,24148元,杨浦 五角场,仁德路100弄,暂无数据,住宅 - 公寓
http://sh.lianjia.com/ershoufang/sh4504801.html,交通方便，受欢迎好房，好房好心情，上门实拍,临沂六村,1室1厅,40.0平,距离6号线临沂新村站468米,满五,有钥匙,235,58750元/平,18,高区/6层,暂无数据,简装,南,82.2万,8107元,浦东 南码头,"临沂路181弄,东方路3344弄1-26号,浦三路288弄",2009-02-12,住宅 - 公寓
http://sh.lianjia.com/ershoufang/sh4344146.html,淞南五村，高区采光好，享受好房，受欢迎好房,淞南五村,2室1厅,62.77平,距离3号线长江南路站934米,满五,有钥匙,300,47793元/平,17,高区/6层,1993年建,毛坯,南,105万,10349元,宝山 淞南,"长逸路327弄,淞南路200弄,淞南五村",暂无数据,住宅 - 公寓
http://sh.lianjia.com/ershoufang/sh4289677.html,出行方便，上下楼方便，实地看房，两室户,华江大楼,2室1厅,59.87平,距离11号线隆德路站535米,满五,有钥匙,340,56789元/平,29,低区/19层,1990年建,中装,东西,119万,11729元,长宁 中山公园,长宁支路160弄,2008-03-25,住宅 - 公寓
http://sh.lianjia.com/ershoufang/sh4288824.html,南北户型，链家好房，光线充足，看房客户多,爱家豪庭,2室2厅,115.68平,距离10号线海伦路站445米,满五,有钥匙,1000,86445元/平,155,中区/31层,暂无数据,简装,南北,350万,34497元,虹口 临平路,物华路246弄,2008-05-04,住宅 - 公寓
http://sh.lianjia.com/ershoufang/sh4528359.html,阳光名苑，有钥匙方便看，受欢迎好房，业主信赖,阳光名苑,2室2厅,104.12平,距离9号线肇嘉浜路站508米,满五,有钥匙,1050,100845元/平,31,低区/35层,暂无数据,精装,南,367.5万,36222元,徐汇 徐家汇,"斜土路2099弄（一期）,斜土路1975弄（二期）",2010-04-27,住宅 - 公寓
http://sh.lianjia.com/ershoufang/sh4528094.html,上泰花苑，成熟社区，一链倾城，低区出入方便,上泰花苑,2室2厅,84.21平,距离6号线德平路站227米,满五,有钥匙,510,60562元/平,12,低区/6层,1998年建,精装,南,178.5万,17594元,浦东 金杨,张杨路2855弄,2012-02-02,住宅 - 公寓
http://sh.lianjia.com/ershoufang/sh4527078.html,未来域，多次带看，真实在售，拎包入住,未来域,2室2厅,91.33平,距离11号线浦三路站480米,满五,有钥匙,630,68980元/平,21,中区/11层,2006年建,精装,南北,220.5万,21733元,浦东 三林,御桥路288弄,暂无数据,住宅 - 公寓
http://sh.lianjia.com/ershoufang/sh4523035.html,梅山馨苑，业主信赖，交通便利，高清大图,梅山馨苑,2室2厅,91.14平,距离13号线长寿路站525米,满五,有钥匙,750,82290元/平,21,低区/12层,暂无数据,精装,东北,262.5万,25873元,普陀 长寿路,安远路662弄,2009-08-01,住宅 - 公寓
http://sh.lianjia.com/ershoufang/sh4519892.html,高清大图，高区景观好，地铁沿线，成熟社区,古美七村,2室1厅,78.93平,距离1号线锦江乐园站527米,满五,有钥匙,455,57646元/平,24,高区/18层,1997年建,中装,南北,159.2万,15696元,闵行 古美,平阳路50弄,暂无数据,住宅 - 公寓
http://sh.lianjia.com/ershoufang/sh4518402.html,凤城五村，看房客户多，房型正气，诚意出售,凤城五村,4室0厅,97.36平,距离8号线江浦路站746米,满五,有钥匙,579,59470元/平,40,中区/6层,1995年建,简装,南北,202.6万,19974元,杨浦 控江路,凤城五村,2009-06-24,住宅 - 公寓
http://sh.lianjia.com/ershoufang/sh4516961.html,装修精致，享受好房，诚意出售，光线充足,万里欣苑,2室2厅,96.05平,距离7号线新村路站508米,满五,有钥匙,670,69755元/平,43,中区/18层,2006年建,精装,南,234.5万,23113元,普陀 万里,新泉路66弄,2007-10-01,住宅 - 公寓
http://sh.lianjia.com/ershoufang/sh4516656.html,精致户型，满五省税费，交通便利，南北户型,静安新城（一区）,2室1厅,72.78平,距离12号线东兰路站692米,满五,有钥匙,420,57708元/平,17,低区/6层,1998年建,简装,南北,147万,14489元,闵行 静安新城,漕宝路1467弄,暂无数据,住宅 - 公寓
http://sh.lianjia.com/ershoufang/sh4516165.html,东方知音苑，钥匙在链家，满五年少税，好房好心情,东方知音苑,3室2厅,117.52平,距离6号线云山路站591米,满五,有钥匙,1000,85091元/平,33,中区/7层,2003年建,中装,南北,350万,34497元,浦东 金杨,博山东路811弄,暂无数据,住宅 - 公寓
http://sh.lianjia.com/ershoufang/sh4515829.html,南北直通，好房好心情，钥匙在店，舒适三室,阳光美景城,3室2厅,124.78平,距离1号线锦江乐园站506米,满五,有钥匙,840,67318元/平,32,中区/14层,2002年建,精装,南北,294万,28978元,闵行 古美,"平阳路59弄,古美路377弄,莲花路288弄",暂无数据,住宅 - 公寓
http://sh.lianjia.com/ershoufang/sh4514659.html,诚意出售，1室1厅，成熟社区，光线充足,阳光二村,1室1厅,36.91平,距离6号线北洋泾路站828米,满五,有钥匙,230,62313元/平,33,中区/6层,1994年建,简装,南,80.5万,7934元,浦东 洋泾,"栖山路400弄,阳光二村",暂无数据,住宅 - 公寓
http://sh.lianjia.com/ershoufang/sh4514310.html,和憬家园，配套完善，有钥匙，交通便利,和憬家园,2室2厅,88.0平,距离2号线华夏东路站622米,满五,有钥匙,450,51136元/平,20,低区/7层,2009年建,毛坯,南北,157.5万,15524元,浦东 川沙,硕川路125弄,2010-12-23,住宅 - 公寓
http://sh.lianjia.com/ershoufang/sh4514228.html,博三小区，两室户，上门实勘，业主诚意出售,博三小区,2室1厅,62.16平,距离6号线博兴路站239米,满五,有钥匙,335,53893元/平,12,高区/6层,1994年建,简装,南,117.2万,11557元,浦东 金桥,博兴路462弄,2001-06-14,住宅 - 公寓
http://sh.lianjia.com/ershoufang/sh4512047.html,最近看房多，高区景观房，正规成熟小区，3室2厅2卫,耀江国际广场（公寓）,3室2厅,139.94平,距离10号线四川北路站658米,满五,有钥匙,1200,85751元/平,35,高区/32层,暂无数据,精装,南,420万,41397元,虹口 北外滩,峨眉路299弄,2006-11-02,住宅 - 公寓
http://sh.lianjia.com/ershoufang/sh4512003.html,装修过，附近有地铁，诚意出售，链家有钥匙,水岸金桥苑,2室2厅,75.0平,距离13号线金运路站683米,满五,有钥匙,350,46666元/平,19,高区/13层,2008年建,精装,南,122.5万,12074元,嘉定 江桥,鹤霞路555弄,暂无数据,住宅 - 公寓
http://sh.lianjia.com/ershoufang/sh4511832.html,建工天峰公寓，满五省税费，业主信赖，成熟社区,建工天峰公寓,2室1厅,81.37平,距离3号线赤峰路站307米,满五,有钥匙,715,87870元/平,13,高区/18层,1996年建,简装,南,250.2万,24666元,虹口 曲阳,赤峰路626弄,暂无数据,住宅 - 公寓
http://sh.lianjia.com/ershoufang/sh4511384.html,高清实拍，出行方便，满5税费少，配套完善,绿洲康城亲水湾,3室2厅,130.08平,距离16号线罗山路站863米,满五,有钥匙,720,55350元/平,12,低区/14层,2010年建,精装,南北,252万,24838元,浦东 御桥,"康桥路1259弄, 康桥路1558弄, 康桥路1633弄, 康桥路1657弄",2011-06-27,住宅 - 公寓
http://sh.lianjia.com/ershoufang/sh4505872.html,高清大图，地铁沿线，1室0厅1卫，成熟社区,宁武路501号,1室0厅,38.43平,距离12号线隆昌路站555米,满五,有钥匙,250,65053元/平,17,中区/6层,暂无数据,简装,南,87.5万,8624元,杨浦 周家嘴路,宁武路501号,暂无数据,住宅 - 公寓
http://sh.lianjia.com/ershoufang/sh4505820.html,梓树园，上门实勘，满五省税费，近地铁,梓树园,2室2厅,111.39平,距离12号线漕宝路站799米,满五,有钥匙,820,73615元/平,17,中区/23层,暂无数据,中装,南,287万,28288元,徐汇 康健,钦州路108号,暂无数据,住宅 - 公寓
http://sh.lianjia.com/ershoufang/sh4505360.html,配套完善，放心好房，有钥匙房源，满五税费低,田林八村,2室0厅,49.88平,距离9号线桂林路站497米,满五,有钥匙,350,70168元/平,15,低区/6层,1986年建,中装,南,122.5万,12074元,徐汇 田林,田林八村,暂无数据,住宅 - 公寓
http://sh.lianjia.com/ershoufang/sh4504166.html,好楼层，看房客户多，配套完善，业主信赖,日晖六村,1室0厅,30.62平,距离12号线大木桥路站242米,满五,有钥匙,195,63683元/平,30,中区/6层,1997年建,精装,南,68.2万,6727元,徐汇 斜土路,"斜土路1458弄, 日晖六村, 零陵路199号",暂无数据,住宅 - 公寓
http://sh.lianjia.com/ershoufang/sh4503931.html,生活很便利，成熟社区，钥匙在链家，好楼层,中星海上景庭,3室2厅,155.33平,距离6号线北洋泾路站378米,满五,有钥匙,1250,80473元/平,20,中区/20层,暂无数据,精装,西,437.5万,43122元,浦东 洋泾,张杨路1811弄,2008-12-31,住宅 - 公寓
http://sh.lianjia.com/ershoufang/sh4502719.html,宁和小区，低区出入方便，满五年少税，业主诚意出售,宁和小区,1室1厅,44.95平,距离1号线延长路站559米,满五,有钥匙,385,85650元/平,26,低区/7层,1992年建,精装,南,134.8万,13281元,闸北 大宁,"大宁路540弄,大宁路570号,大宁路574号,大宁路582号",暂无数据,住宅 - 公寓
http://sh.lianjia.com/ershoufang/sh4498120.html,春申丽园，高清实拍，成熟社区，放心好房,春申丽园,2室2厅,113.87平,距离5号线春申路站250米,满五,有钥匙,640,56204元/平,11,低区/17层,2009年建,精装,南,224万,22078元,闵行 莘庄,"春申路3799弄18支弄,春申路3799弄33支弄",2008-02-01,住宅 - 公寓
http://sh.lianjia.com/ershoufang/sh4497352.html,汤臣豪园（一期），上门实拍，诚意出售，出行方便,汤臣豪园（一期）,3室2厅,257.23平,距离2号线张江高科站911米,满五,有钥匙,1380,53648元/平,50,低区/13层,2002年建,精装,南,483万,47606元,浦东 张江,龙东大道666弄,2006-03-14,住宅 - 公寓
http://sh.lianjia.com/ershoufang/sh4497279.html,高区景观房，多次带看，诚意出售，好房待售,申地公寓,2室2厅,85.34平,距离1号线中山北路站692米,满五,有钥匙,580,67963元/平,21,高区/6层,1997年建,中装,南,203万,20008元,闸北 闸北公园,柳营路588弄,2000-02-04,住宅 - 公寓
http://sh.lianjia.com/ershoufang/sh4496385.html,低楼层，成熟社区，高清照片，带装修,凌云新村,1室1厅,40.26平,距离1号线锦江乐园站481米,满五,有钥匙,265,65822元/平,27,低区/6层,1995年建,精装,南,92.8万,9142元,徐汇 华东理工,凌云新村,暂无数据,住宅 - 公寓
http://sh.lianjia.com/ershoufang/sh4495155.html,交通便利，低楼层，一链倾城，诚意出售,林云小区,1室0厅,35.89平,距离10号线同济大学站996米,满五,有钥匙,250,69657元/平,28,低区/6层,1988年建,简装,南,87.5万,8624元,虹口 曲阳,辉河路40弄1-40号,暂无数据,住宅 - 公寓
http://sh.lianjia.com/ershoufang/sh4494098.html,近地铁，精致户型，实地看房，有钥匙,泰山二村,2室0厅,45.98平,距离4号线中潭路站746米,满五,有钥匙,245,53284元/平,11,高区/6层,1981年建,暂无数据,暂无数据,85.8万,8452元,普陀 甘泉宜川,泰山支路60号,暂无数据,住宅 - 公寓
http://sh.lianjia.com/ershoufang/sh4493111.html,济阳三村，地铁沿线，实地看房，满五税费低,济阳三村,1室1厅,42.65平,距离7号线长清路站821米,满五,有钥匙,238,55803元/平,14,高区/6层,1988年建,中装,南,83.3万,8210元,浦东 世博,"济阳路65弄,西营路114弄,德州路465弄,耀华路550弄",暂无数据,住宅 - 公寓
http://sh.lianjia.com/ershoufang/sh4492414.html,交通便利，配套完善，业主信赖，看房方便,恒大小区,2室1厅,65.67平,距离6号线东明路站296米,满五,有钥匙,395,60149元/平,43,低区/6层,1996年建,中装,南北,138.2万,13626元,浦东 世博,"成山路608弄,成山路544弄52支弄",2004-01-16,住宅 - 公寓
http://sh.lianjia.com/ershoufang/sh4489864.html,高清照片，省装修费，生活很便利，满五年少税,海杨公寓,5室2厅,143.01平,距离12号线江浦公园站869米,满五,有钥匙,980,68526元/平,22,低区/7层,1999年建,精装,南,343万,33807元,杨浦 东外滩,扬州路588弄,2003-05-15,住宅 - 公寓
http://sh.lianjia.com/ershoufang/sh4489846.html,受欢迎好房，装修精美，交通方便，两室户,中远两湾城,2室2厅,96.56平,距离4号线中潭路站425米,满五,有钥匙,710,73529元/平,108,低区/34层,暂无数据,精装,南,248.5万,24493元,普陀 中远两湾城,"远景路97弄、中潭路100弄（四期）, 远景路97弄，中潭路100弄，中潭路99弄（一期）, 中潭路99弄79-159号，中潭路100弄78-156号（二期）, 中潭路33弄07～15号，中潭路99弄189~241号，中潭路91弄01~59号（三期）",2001-11-23,住宅 - 公寓
http://sh.lianjia.com/ershoufang/sh4489411.html,虹桥花苑，南北通，有钥匙方便看，好楼层,虹桥花苑,3室2厅,161.76平,距离10号线龙溪路站971米,满五,有钥匙,1100,68001元/平,19,中区/15层,暂无数据,精装,南北,385万,37947元,闵行 金虹桥,虹梅路3200弄,2007-10-15,住宅 - 公寓
http://sh.lianjia.com/ershoufang/sh4489262.html,交通方便，最近看房多，配套完善，看房方便,星丰苑,3室1厅,82.56平,距离12号线虹莘路站988米,满五,有钥匙,368,44573元/平,21,高区/6层,1998年建,简装,南,128.8万,12695元,闵行 莘庄,黎明路155弄,2010-02-11,住宅 - 公寓
http://sh.lianjia.com/ershoufang/sh4487435.html,满五省税费，业主信赖，放心好房，毛坯房,东二小区,2室1厅,66.62平,距离6号线五莲路站846米,满五,有钥匙,340,51035元/平,20,中区/6层,1996年建,毛坯,南,119万,11729元,浦东 金桥,"东陆路1268弄,博兴路1185弄,博兴路1383弄",暂无数据,住宅 - 公寓
http://sh.lianjia.com/ershoufang/sh4486898.html,附近有地铁，钥匙在链家，满5税费少，业主诚意出售,悦公馆,2室2厅,89.41平,距离1号线汶水路站544米,满五,有钥匙,803,89810元/平,65,高区/24层,2010年建,精装,南,281万,27701元,闸北 大宁,共和新路2989弄,暂无数据,住宅 - 公寓
http://sh.lianjia.com/ershoufang/sh4486000.html,满五税费低，2室1厅1卫，有爱有家，高区景观房,开鲁四村,2室1厅,59.28平,距离8号线市光路站438米,满五,有钥匙,310,52294元/平,39,高区/6层,1989年建,中装,东南,108.5万,10694元,杨浦 中原,开鲁路456弄,2007-01-03,住宅 - 公寓
http://sh.lianjia.com/ershoufang/sh4485163.html,成熟社区，高清照片，有钥匙房源，南北通,忠烈小区,2室1厅,57.58平,距离3号线江湾镇站619米,满五,有钥匙,340,59048元/平,18,低区/6层,暂无数据,简装,南北,119万,11729元,虹口 江湾镇,"场中路32弄, 场中路36号, 场中路46号",2007-01-04,住宅 - 公寓
http://sh.lianjia.com/ershoufang/sh4484889.html,住友公寓，低楼层，诚意出售，好房好心情,住友公寓,2室1厅,82.16平,距离11号线上海游泳馆站433米,满五,有钥匙,560,68159元/平,22,低区/22层,暂无数据,简装,东南,196万,19318元,徐汇 万体馆,龙华西路345弄,2002-07-24,住宅 - 公寓
http://sh.lianjia.com/ershoufang/sh4481473.html,成熟社区，高清大图，低区出入方便，满5税费少,化工二三村,3室0厅,50.25平,距离1号线锦江乐园站579米,满五,有钥匙,280,55721元/平,14,低区/2层,1953年建,简装,南北,98万,9659元,徐汇 华东理工,"梅陇路300号,化工三村,化工二村",暂无数据,住宅 - 公寓
http://sh.lianjia.com/ershoufang/sh4479317.html,好房待售，多次带看，视野开阔，适合自住,锦绣河山,2室1厅,75.56平,距离6号线德平路站495米,满五,有钥匙,415,54923元/平,27,高区/25层,1997年建,简装,西南,145.2万,14316元,浦东 金杨,博山东路20弄1-7号,暂无数据,住宅 - 公寓
http://sh.lianjia.com/ershoufang/sh4476781.html,成熟社区，出行方便，钥匙房，满五年少税,德州二村,1室0厅,33.34平,距离8号线成山路站417米,满五,有钥匙,230,68986元/平,12,中区/4层,1984年建,中装,暂无数据,80.5万,7934元,浦东 世博,德州路255弄,暂无数据,住宅 - 公寓
http://sh.lianjia.com/ershoufang/sh4476143.html,黄陵小区，没装修过，小户型，高清实拍,黄陵小区,1室0厅,34.82平,距离7号线新村路站350米,满五,有钥匙,198,56863元/平,54,中区/6层,1996年建,毛坯,南,69.3万,6830元,普陀 甘泉宜川,黄陵路151弄,暂无数据,住宅 - 公寓
http://sh.lianjia.com/ershoufang/sh4476022.html,满五税费低，看房方便，房型正气，配套完善,东园三村,2室1厅,62.55平,距离9号线商城路站186米,满五,有钥匙,568,90807元/平,33,中区/6层,1996年建,暂无数据,南北,198.8万,19594元,浦东 陆家嘴,东园三村301-335号,暂无数据,住宅 - 公寓
http://sh.lianjia.com/ershoufang/sh4472562.html,地铁沿线，受欢迎好房，业主信赖，一链倾城,张杨花苑,2室2厅,116.37平,距离6号线北洋泾路站363米,满五,有钥匙,820,70464元/平,34,高区/14层,暂无数据,精装,南,287万,28288元,浦东 洋泾,张杨路2228弄,2009-05-15,住宅 - 公寓
http://sh.lianjia.com/ershoufang/sh4471737.html,双桥小区，一链倾城，高清大图，交通方便,双桥小区,3室1厅,98.24平,距离6号线东靖路站837米,满五,有钥匙,660,67182元/平,19,高区/6层,2006年建,豪装,南北,231万,22768元,浦东 金桥,"双桥路180弄,双桥路218弄,双桥路220弄",暂无数据,住宅 - 公寓
http://sh.lianjia.com/ershoufang/sh4471726.html,钥匙在店，链家好房，高清实拍，满五年少税,江南一村,2室1厅,45.77平,距离12号线大木桥路站100米,满五,有钥匙,295,64452元/平,24,低区/6层,1954年建,简装,南,103.2万,10177元,徐汇 斜土路,江南一村,暂无数据,住宅 - 公寓
http://sh.lianjia.com/ershoufang/sh4469176.html,成熟社区，满5税费少，多次带看，钥匙在链家,康平小区,1室1厅,32.01平,距离1号线彭浦新村站655米,满五,有钥匙,182,56857元/平,26,高区/6层,1986年建,简装,南,63.7万,6279元,闸北 彭浦,"临汾路894弄,临汾路850弄,汾西路815弄,汾西路825号,汾西路835号,汾西路845号,汾西路855号,汾西路865号,汾西路875号,汾西路885弄",暂无数据,住宅 - 公寓
http://sh.lianjia.com/ershoufang/sh4468398.html,多次带看，出行方便，光线充足，无装修,地杰国际城,3室2厅,135.37平,距离11号线御桥站284米,满五,有钥匙,920,67961元/平,25,中区/18层,2006年建,毛坯,南北,322万,31737元,浦东 御桥,御桥路2066弄，御水路199弄，御桥路1978弄,暂无数据,住宅 - 公寓
http://sh.lianjia.com/ershoufang/sh4467330.html,高区景观房，业主信赖，出行方便，满五省税费,翔殷四村,2室1厅,67.74平,距离8号线嫩江路站886米,满五,有钥匙,370,54620元/平,14,高区/6层,1997年建,中装,南北,129.5万,12764元,杨浦 中原,翔殷四村,1997-04-22,住宅 - 公寓
http://sh.lianjia.com/ershoufang/sh4463413.html,上门实勘，带装修，满5税费少，看房有钥匙,金沙嘉年华,1室2厅,53.81平,距离13号线祁连山南路站766米,满五,有钥匙,410,76194元/平,39,高区/14层,2004年建,精装,南,143.5万,14144元,普陀 长征,祁连山南路999弄,暂无数据,住宅 - 公寓
http://sh.lianjia.com/ershoufang/sh4461811.html,两室户，生活很便利，受欢迎好房，成熟社区,西凌新邨,2室1厅,73.7平,距离4号线西藏南路站434米,满五,有钥匙,510,69199元/平,165,中区/32层,1994年建,简装,东,178.5万,17594元,黄浦 蓬莱公园,"西凌家宅路27弄,西藏南路1374弄,西凌家宅路111弄,西凌家宅路137弄,制造局路365弄,制造局路455弄,制造局路567弄",暂无数据,住宅 - 公寓
http://sh.lianjia.com/ershoufang/sh4461248.html,正规成熟小区，链家房源，人气房源，1室1厅1卫,财大小区,1室1厅,40.56平,距离10号线江湾体育场站800米,满五,有钥匙,240,59171元/平,13,高区/6层,1992年建,简装,南,84万,8279元,杨浦 五角场,政立路580弄,2001-10-16,住宅 - 公寓
http://sh.lianjia.com/ershoufang/sh4461117.html,凌云公寓，地铁沿线，诚意出售，链家房源,凌云公寓,2室1厅,76.71平,距离6号线灵岩南路站289米,满五,有钥匙,410,53448元/平,31,低区/18层,1999年建,中装,暂无数据,143.5万,14144元,浦东 三林,灵岩南路801弄,暂无数据,住宅 - 公寓
http://sh.lianjia.com/ershoufang/sh4460739.html,有钥匙方便看，受欢迎好房，高清实拍，诚意出售,古美十村,4室1厅,94.91平,距离1号线锦江乐园站544米,满五,有钥匙,580,61110元/平,55,中区/6层,1998年建,简装,南,203万,20008元,闵行 古美,平阳路111弄,2010-03-23,住宅 - 公寓
http://sh.lianjia.com/ershoufang/sh4460300.html,在售四房，上门实拍，诚意出售，多次带看,浦东世纪花园（公寓）,4室2厅,223.51平,距离2号线世纪公园站527米,满五,有钥匙,1900,85007元/平,45,低区/30层,2005年建,中装,南北,665万,65545元,浦东 花木,银霄路39弄，银霄路100弄,2003-03-06,住宅 - 公寓
http://sh.lianjia.com/ershoufang/sh4459454.html,好房好心情，满5税费少，上门实勘，地铁沿线,国和一村,1室1厅,43.4平,距离8号线嫩江路站557米,满五,有钥匙,255,58755元/平,84,中区/6层,1991年建,简装,南,89.2万,8797元,杨浦 中原,国和一村,暂无数据,住宅 - 公寓
http://sh.lianjia.com/ershoufang/sh4454718.html,简约二室，满5税费少，有钥匙房源，装修精美,千路公寓,2室2厅,131.0平,距离13号线江宁路站334米,满五,有钥匙,960,73282元/平,45,高区/21层,暂无数据,精装,南,336万,33117元,普陀 长寿路,陕西北路1588号,暂无数据,住宅 - 公寓
http://sh.lianjia.com/ershoufang/sh4452876.html,有钥匙方便看，近地铁，高区阳光房，适合自住,仁宝公寓,2室2厅,87.34平,距离4号线南浦大桥站237米,满五,有钥匙,660,75566元/平,227,高区/26层,1996年建,中装,东西,231万,22768元,黄浦 蓬莱公园,陆家浜路468弄88、98号,暂无数据,住宅 - 公寓
http://sh.lianjia.com/ershoufang/sh4452430.html,成熟社区，带装修，满5税费少，上门实勘,嘉利明珠城,2室2厅,91.25平,距离1号线延长路站802米,满五,有钥匙,740,81095元/平,125,低区/28层,暂无数据,精装,南北,259万,25528元,闸北 闸北公园,平型关路377弄,暂无数据,住宅 - 公寓
http://sh.lianjia.com/ershoufang/sh4452396.html,房型正气，实地看房，上门实勘，业主诚意出售,延吉七村,2室1厅,54.19平,距离8号线延吉中路站186米,满五,有钥匙,350,64587元/平,199,中区/6层,1986年建,简装,南北,122.5万,12074元,杨浦 黄兴公园,"延吉七村,营口路113弄",2000-04-03,住宅 - 公寓
http://sh.lianjia.com/ershoufang/sh4451768.html,有爱有家，生活很便利，诚意出售，3室2厅,聚龙大厦,3室2厅,129.03平,距离8号线中兴路站328米,满五,有钥匙,630,48825元/平,102,高区/24层,1996年建,精装,东北,220.5万,21733元,闸北 西藏北路,"虬江路1240号, 虬江路1258弄1号",2007-09-03,住宅 - 公寓
http://sh.lianjia.com/ershoufang/sh4449937.html,有爱有家，交通便利，3室2厅2卫，高清大图,兰馨楼,3室2厅,155.18平,距离10号线龙溪路站514米,满五,有钥匙,725,46719元/平,22,中区/4层,1994年建,精装,南北,253.7万,25011元,长宁 西郊,延安西路3295号,2004-09-22,住宅 - 公寓
http://sh.lianjia.com/ershoufang/sh4449150.html,上门实拍，2室1厅，业主诚意出售，一链倾城,钦州花苑,2室1厅,88.47平,距离9号线桂林路站900米,满五,有钥匙,530,59907元/平,27,高区/29层,暂无数据,简装,南,185.5万,18284元,徐汇 田林,"钦州路840号,钦州路860号,钦州路880号,钦州路900号,钦州路920号",暂无数据,住宅 - 公寓
http://sh.lianjia.com/ershoufang/sh4447952.html,配套完善，实地看房，钥匙房，视野开阔,国和路600弄,1室1厅,49.14平,距离10号线三门路站908米,满五,有钥匙,250,50875元/平,24,高区/6层,1996年建,中装,南,87.5万,8624元,杨浦 中原,国和路600弄,暂无数据,住宅 - 公寓
http://sh.lianjia.com/ershoufang/sh4440364.html,装修经典，满五省税费，钥匙在链家，一链倾城,中凯城市之光（静安）,2室1厅,79.47平,距离12号线南京西路站626米,满五,有钥匙,800,100666元/平,73,中区/34层,暂无数据,豪装,南北,280万,27598元,静安 南京西路,"威海路333弄,大沽路368弄（回搬房）,大沽路398弄",2010-05-16,住宅 - 公寓
http://sh.lianjia.com/ershoufang/sh4440357.html,临沂三村，钥匙房，满五税费低，适合自住,临沂三村,2室0厅,57.13平,距离6号线临沂新村站725米,满五,有钥匙,360,63014元/平,18,低区/6层,1987年建,简装,南,126万,12419元,浦东 南码头,"华丰路51弄,临沂路280弄,南码头路450弄,浦东南路3405弄",暂无数据,住宅 - 公寓
http://sh.lianjia.com/ershoufang/sh4439658.html,满五税费低，高清实拍，看房有钥匙，好房好心情,控江二村,1室1厅,44.88平,距离8号线黄兴路站210米,满五,有钥匙,310,69073元/平,35,中区/5层,1973年建,中装,南,108.5万,10694元,杨浦 控江路,控江二村,暂无数据,住宅 - 公寓
http://sh.lianjia.com/ershoufang/sh4437962.html,上门实勘，受欢迎好房，简约二室，业主信赖,新江湾时代花园,2室2厅,81.29平,距离8号线市光路站927米,满五,有钥匙,590,72579元/平,76,低区/6层,2000年建,中装,南,206.5万,20353元,杨浦 新江湾城,殷行路850弄,2009-09-04,住宅 - 公寓
http://sh.lianjia.com/ershoufang/sh4437525.html,毛坯房，高清照片，正规成熟小区，业主诚意出售,凉城一村,2室1厅,74.48平,距离3号线大柏树站732米,满五,有钥匙,450,60418元/平,52,低区/18层,1991年建,毛坯,东南,157.5万,15524元,虹口 凉城,水电路1312弄,2000-11-18,住宅 - 公寓
http://sh.lianjia.com/ershoufang/sh4437165.html,滨江名人苑，高清实拍，成熟社区，地铁沿线,滨江名人苑,2室2厅,130.57平,距离9号线小南门站781米,满五,有钥匙,1210,92670元/平,182,中区/32层,暂无数据,中装,南北,423.5万,41742元,黄浦 黄浦滨江,中华路88弄,2005-04-04,住宅 - 公寓
http://sh.lianjia.com/ershoufang/sh4437116.html,文华苑（宝山），成熟社区，业主诚意出售，高清实拍,文华苑（宝山）,2室2厅,85.65平,距离7号线行知路站686米,满五,有钥匙,520,60712元/平,34,高区/6层,1999年建,中装,南,182万,17939元,宝山 大华,"大华路901弄（一期）,华灵路1210弄（二、三期）,华灵路1280弄（二、三期）,华灵路1180弄（四期）,新沪路1099弄（五期）",2010-07-15,住宅 - 公寓
http://sh.lianjia.com/ershoufang/sh4437001.html,高清大图，看房客户多，诚意出售，满五年少税,大上海城市花园,3室2厅,133.71平,距离3号线镇坪路站313米,满五,有钥匙,1300,97225元/平,32,高区/15层,暂无数据,中装,南,455万,44846元,普陀 长寿路,宜昌路588弄,2004-06-17,住宅 - 公寓
http://sh.lianjia.com/ershoufang/sh4435932.html,商业二村，最近看房多，满五税费低，小户型,商业二村,1室0厅,37.96平,距离3号线赤峰路站289米,满五,有钥匙,220,57955元/平,205,中区/5层,1958年建,中装,南,77万,7589元,虹口 凉城,广灵二路商业二村,2007-12-15,住宅 - 公寓
http://sh.lianjia.com/ershoufang/sh4434195.html,链家房源，看房客户多，低楼层，改善住房,宝虹公寓,3室2厅,133.59平,距离10号线龙柏新村站474米,满五,有钥匙,830,62130元/平,82,低区/7层,暂无数据,精装,南,290.5万,28633元,闵行 金汇,红松路175弄15-67号（单号）,2004-08-18,住宅 - 公寓
http://sh.lianjia.com/ershoufang/sh4433675.html,满5税费少，适合自住，有爱有家，省装修费,通河八村,2室1厅,53.46平,距离1号线通河新村站699米,满五,有钥匙,295,55181元/平,19,中区/6层,1994年建,精装,南北,103.2万,10177元,宝山 通河,通河八村,暂无数据,住宅 - 公寓
http://sh.lianjia.com/ershoufang/sh4431171.html,2室1厅，正规成熟小区，业主信赖，满五税费低,时运苑,2室1厅,64.83平,距离12号线爱国路站960米,满五,有钥匙,350,53987元/平,40,中区/6层,1996年建,中装,南北,122.5万,12074元,杨浦 周家嘴路,军工路400弄,暂无数据,住宅 - 公寓
http://sh.lianjia.com/ershoufang/sh4430500.html,成熟社区，简约二室，有钥匙房源，南北通,杨泰三村,2室1厅,74.86平,距离1号线友谊西路站929米,满五,有钥匙,275,36735元/平,25,高区/6层,1995年建,精装,南北,96.2万,9487元,宝山 杨行,"杨泰路345弄, 杨泰三村",2011-08-26,住宅 - 公寓
http://sh.lianjia.com/ershoufang/sh4430091.html,新华路536弄，看房有钥匙，精致户型，高清实拍,新华路536弄,2室1厅,62.66平,距离3号线延安西路站765米,满五,有钥匙,498,79476元/平,28,中区/6层,1979年建,中装,南,174.3万,17180元,长宁 新华路,新华路536弄,暂无数据,住宅 - 公寓
http://sh.lianjia.com/ershoufang/sh4429161.html,新梅共和城，有钥匙方便看，上门实拍，有装修,新梅共和城,3室2厅,115.74平,距离1号线上海马戏城站327米,满五,有钥匙,930,80352元/平,83,低区/14层,2004年建,精装,南北,325.5万,32082元,闸北 大宁,广中西路99弄,2007-01-01,住宅 - 公寓
http://sh.lianjia.com/ershoufang/sh4428773.html,实地看房，3室1厅，如您所见，高清照片,华利公寓,3室1厅,124.52平,距离9号线桂林路站564米,满五,有钥匙,720,57822元/平,124,中区/28层,1995年建,中装,南,252万,24838元,徐汇 田林,"钦州北路485号,桂林路585号,钦州北路495号,桂林路595号,桂林路575号",2003-01-02,住宅 - 公寓
http://sh.lianjia.com/ershoufang/sh4428497.html,东荷小区，钥匙房，有爱有家，满五年少税,东荷小区,2室1厅,68.42平,距离6号线五莲路站366米,满五,有钥匙,350,51154元/平,47,高区/6层,1997年建,中装,南,122.5万,12074元,浦东 金桥,东陆路1018弄,暂无数据,住宅 - 公寓
http://sh.lianjia.com/ershoufang/sh4428333.html,新领地，满五省税费，近地铁，温馨一室,新领地,1室1厅,62.03平,距离16号线龙阳路站664米,满五,有钥匙,312,50298元/平,81,中区/29层,2002年建,精装,暂无数据,109.2万,10763元,浦东 花木,杜鹃路188弄,暂无数据,住宅 - 公寓
http://sh.lianjia.com/ershoufang/sh4421382.html,链家好房，正规成熟小区，好楼层，高清实拍,市光三村,1室0厅,38.55平,距离8号线嫩江路站800米,满五,有钥匙,210,54474元/平,28,中区/5层,1994年建,简装,南,73.5万,7244元,杨浦 中原,市光三村,暂无数据,住宅 - 公寓
http://sh.lianjia.com/ershoufang/sh4420667.html,番禺路290弄10支弄，南北直通，毛坯房，高清照片,番禺路290弄10支弄,2室1厅,50.05平,距离10号线交通大学站668米,满五,有钥匙,430,85914元/平,113,中区/6层,1984年建,毛坯,南北,150.5万,14834元,长宁 新华路,番禺路290弄10支弄,2001-04-18,住宅 - 公寓
http://sh.lianjia.com/ershoufang/sh4417782.html,3室2厅1卫，满五税费低，配套完善，地铁沿线,博山公寓,3室2厅,127.17平,距离6号线云山路站674米,满五,有钥匙,720,56617元/平,26,低区/14层,1998年建,中装,东南,252万,24838元,浦东 金杨,博山东路173弄10-20号,暂无数据,住宅 - 公寓
http://sh.lianjia.com/ershoufang/sh4416066.html,业主诚意出售，满五年少税，南北户型，实地看房,辽源一村,2室1厅,49.87平,距离8号线鞍山新村站494米,满五,有钥匙,345,69179元/平,24,高区/6层,1983年建,简装,南北,120.7万,11902元,杨浦 鞍山,"辽源西路190弄, 辽源一村",2006-03-23,住宅 - 公寓
http://sh.lianjia.com/ershoufang/sh4413569.html,带装修，业主信赖，配套完善，满五税费低,金杨新村十街坊,2室1厅,57.46平,距离6号线金桥路站685米,满五,有钥匙,325,56561元/平,133,高区/6层,1993年建,精装,南北,113.7万,11212元,浦东 金杨,"金杨路660弄,金台路161弄,金台路115弄",暂无数据,住宅 - 公寓
http://sh.lianjia.com/ershoufang/sh4411445.html,西南小区，实地看房，近地铁，一室小户型,西南小区,1室0厅,32.9平,距离8号线曲阳路站343米,满五,有钥匙,250,75987元/平,42,低区/6层,1980年建,中装,南,87.5万,8624元,虹口 曲阳,"大连西路250弄,大连西路270弄,玉田路407弄,玉田路401-427号,东体育会路413弄",暂无数据,住宅 - 公寓
http://sh.lianjia.com/ershoufang/sh4403359.html,宛平路189弄，交通便利，低楼层，品质装修,宛平路189弄,1室1厅,40.55平,距离9号线肇嘉浜路站657米,满五,有钥匙,480,118372元/平,53,低区/3层,暂无数据,精装,南,168万,16559元,徐汇 衡山路,宛平路189弄,暂无数据,住宅 - 新里
http://sh.lianjia.com/ershoufang/sh4402331.html,满五税费低，采光棒，配套完善，业主信赖,隆昌路468弄,2室0厅,44.19平,距离12号线隆昌路站192米,满五,有钥匙,260,58836元/平,75,高区/6层,1985年建,简装,南,91万,8969元,杨浦 周家嘴路,隆昌路路468弄,暂无数据,住宅 - 公寓
http://sh.lianjia.com/ershoufang/sh4401593.html,配套完善，满5税费少，诚意出售，生活很便利,大众公寓,2室2厅,99.28平,距离4号线大连路站530米,满五,有钥匙,780,78565元/平,31,中区/24层,1995年建,简装,南,273万,26908元,虹口 北外滩,"东余杭路1158弄1号,东余杭路1188号",暂无数据,住宅 - 公寓
http://sh.lianjia.com/ershoufang/sh4396047.html,凌兆路608弄，最近看房多，简约二室，诚意出售,凌兆路608弄,2室1厅,74.67平,距离6号线上南路站648米,满五,有钥匙,440,58925元/平,18,中区/6层,1996年建,简装,南北,154万,15179元,浦东 三林,凌兆路608弄,暂无数据,住宅 - 公寓
http://sh.lianjia.com/ershoufang/sh4396029.html,欧风花都，满五年少税，放心好房，钥匙在店,欧风花都,2室2厅,107.25平,距离12号线东兰路站725米,满五,有钥匙,595,55477元/平,48,低区/11层,2004年建,中装,南北,208.2万,20526元,闵行 古美,东兰路1111弄,暂无数据,住宅 - 公寓
http://sh.lianjia.com/ershoufang/sh4394648.html,带装修，2室1厅1卫，人气房源，配套完善,新泾三村,2室1厅,49.08平,距离2号线北新泾站407米,满五,有钥匙,320,65199元/平,98,中区/6层,1985年建,精装,南,112万,11039元,长宁 北新泾,新泾三村,2000-09-21,住宅 - 公寓
http://sh.lianjia.com/ershoufang/sh4392825.html,爱建园，高清照片，装修精致，高区景观房,爱建园,4室2厅,204.59平,距离3号线漕溪路站497米,满五,有钥匙,1630,79671元/平,35,高区/11层,2003年建,精装,南北,570.5万,56231元,徐汇 田林,田林东路100弄,2010-09-25,住宅 - 公寓
http://sh.lianjia.com/ershoufang/sh4390589.html,满五省税费，出行方便，放心好房，受欢迎好房,鎏园,3室2厅,117.37平,距离3号线淞发路站147米,满五,有钥匙,715,60918元/平,35,低区/14层,暂无数据,毛坯,暂无数据,250.2万,24666元,宝山 淞南,淞发路25弄,2011-02-25,住宅 - 公寓
http://sh.lianjia.com/ershoufang/sh4388694.html,交通方便，钥匙房，诚意出售，满五年少税,乾阳佳园,2室2厅,112.65平,距离3号线江湾镇站637米,满五,有钥匙,700,62139元/平,26,高区/17层,2004年建,中装,南北,245万,24148元,杨浦 五角场,三门路588弄,暂无数据,住宅 - 公寓
http://sh.lianjia.com/ershoufang/sh4388455.html,中远两湾城，诚意出售，链家好房，装修精致,中远两湾城,3室2厅,139.48平,距离4号线中潭路站425米,满五,有钥匙,950,68110元/平,43,高区/33层,暂无数据,精装,南北,332.5万,32772元,普陀 中远两湾城,"远景路97弄、中潭路100弄（四期）, 远景路97弄，中潭路100弄，中潭路99弄（一期）, 中潭路99弄79-159号，中潭路100弄78-156号（二期）, 中潭路33弄07～15号，中潭路99弄189~241号，中潭路91弄01~59号（三期）",2011-12-26,住宅 - 公寓
http://sh.lianjia.com/ershoufang/sh4387433.html,满五年少税，上门实勘，近地铁，有爱有家,世博花园,1室2厅,82.95平,距离10号线邮电新村站264米,满五,有钥匙,720,86799元/平,79,中区/32层,2010年建,精装,南,252万,24838元,虹口 鲁迅公园,四达路58弄,暂无数据,住宅 - 公寓
http://sh.lianjia.com/ershoufang/sh4384432.html,梧桐城邦（公寓），改善住房，放心好房，受欢迎好房,梧桐城邦（公寓）,3室3厅,166.99平,距离7号线大场镇站738米,满五,有钥匙,630,37726元/平,39,低区/4层,2010年建,简装,西,220.5万,21733元,宝山 大华,"真华路1801弄（二期）,真华路1800弄（一期）,真华路1958弄（三期）,真华路1988弄（三期）,真华路1989弄（四期）",2011-08-15,住宅 - 公寓
http://sh.lianjia.com/ershoufang/sh4381650.html,南北通，链家房源，简约二室，业主信赖,凤六新苑,2室2厅,99.06平,距离10号线国权路站825米,满五,有钥匙,700,70664元/平,36,低区/14层,2001年建,中装,南北,245万,24148元,杨浦 控江路,中山北二路345弄,暂无数据,住宅 - 公寓
http://sh.lianjia.com/ershoufang/sh4381080.html,受欢迎好房，上下楼方便，成熟社区，房型正气,莲花公寓（闵行）,2室2厅,78.99平,距离12号线顾戴路站758米,满五,有钥匙,510,64565元/平,50,低区/6层,1999年建,中装,南北,178.5万,17594元,闵行 古美,"莲花路325弄,莲花路425弄",1999-06-29,住宅 - 公寓
http://sh.lianjia.com/ershoufang/sh4380580.html,满5税费少，附近有地铁，看房有钥匙，正规成熟小区,上缝小区,1室0厅,33.82平,距离3号线龙漕路站246米,满五,有钥匙,270,79834元/平,58,高区/6层,暂无数据,简装,南,94.5万,9314元,徐汇 龙华,"龙华西路285弄2-30号,龙水北路900弄1-36号,龙水北路960弄4-21号",2004-08-26,住宅 - 公寓
http://sh.lianjia.com/ershoufang/sh4378261.html,南北户型，满5税费少，上门实拍，正规成熟小区,东陆新村六街坊,2室1厅,59.21平,距离12号线杨高北路站678米,满五,有钥匙,310,52356元/平,92,低区/6层,1995年建,简装,南北,108.5万,10694元,浦东 金桥,"巨峰路90弄,巨峰路176弄",2000-04-26,住宅 - 公寓
http://sh.lianjia.com/ershoufang/sh4376302.html,金谊河畔，视野很好，上门实勘，4室3厅,金谊河畔,4室3厅,166.7平,距离11号线三林站414米,满五,有钥匙,1080,64787元/平,75,高区/13层,2008年建,精装,暂无数据,378万,37257元,浦东 三林,永泰路595弄1-47号,暂无数据,住宅 - 公寓
http://sh.lianjia.com/ershoufang/sh4367554.html,配套完善，精致户型，满五税费低，业主诚意出售,东南新村（浦东）,2室0厅,47.47平,距离9号线商城路站539米,满五,有钥匙,380,80050元/平,16,高区/6层,暂无数据,中装,南,133万,13109元,浦东 陆家嘴,东南新村,2004-07-06,住宅 - 公寓
http://sh.lianjia.com/ershoufang/sh4366612.html,高区阳光房，2室1厅，近地铁，正规成熟小区,呼玛三村,2室1厅,54.04平,距离1号线呼兰路站403米,满五,有钥匙,290,53663元/平,55,高区/6层,1994年建,精装,南北,101.5万,10004元,宝山 张庙,呼玛三村,2010-10-01,住宅 - 公寓
http://sh.lianjia.com/ershoufang/sh4366042.html,适合自住，装修过，业主诚意出售，上门实拍,古北瑞仕花园,2室2厅,119.49平,距离10号线伊犁路站335米,满五,有钥匙,1300,108795元/平,206,低区/28层,暂无数据,精装,南,455万,44846元,长宁 古北,黄金城道500弄,暂无数据,住宅 - 公寓
http://sh.lianjia.com/ershoufang/sh4365903.html,正规成熟小区，近地铁，业主信赖，满五省税费,控江七村,2室1厅,43.41平,距离8号线延吉中路站579米,满五,有钥匙,270,62197元/平,24,高区/5层,1979年建,中装,南北,94.5万,9314元,杨浦 控江路,控江七村,暂无数据,住宅 - 公寓
http://sh.lianjia.com/ershoufang/sh4365760.html,邮电新村，诚意出售，多次带看，低区出入方便,邮电新村,2室0厅,43.01平,距离10号线邮电新村站283米,满五,有钥匙,390,90676元/平,16,低区/5层,1953年建,毛坯,南北,136.5万,13454元,虹口 曲阳,四平路621弄,暂无数据,住宅 - 公寓
http://sh.lianjia.com/ershoufang/sh4364394.html,同方锦城，诚意出售，闹中取静，看房有钥匙,同方锦城,3室2厅,117.34平,距离6号线博兴路站402米,满五,有钥匙,690,58803元/平,49,高区/6层,2004年建,毛坯,南北,241.5万,23803元,浦东 金桥,"长岛路625弄（一期）,张杨北路555弄（二期）",2004-10-22,住宅 - 公寓
http://sh.lianjia.com/ershoufang/sh4361610.html,瑞虹新城（一期），满5税费少，如您所见，2室2厅,瑞虹新城（一期）,2室2厅,102.09平,距离10号线邮电新村站590米,满五,有钥匙,775,75913元/平,187,低区/39层,暂无数据,精装,西南,271.2万,26735元,虹口 临平路,临平路333号,2010-07-17,住宅 - 公寓
http://sh.lianjia.com/ershoufang/sh4359381.html,成熟社区，最近看房多，钥匙房，真实在售,西姚家弄53号,1室0厅,28.05平,距离9号线小南门站648米,满五,有钥匙,245,87344元/平,44,低区/6层,1930年建,简装,北,85.8万,8452元,黄浦 豫园,西姚家弄53号,暂无数据,住宅 - 公寓
http://sh.lianjia.com/ershoufang/sh4354646.html,香榭苑，满5税费少，钥匙房，高清大图,香榭苑,3室2厅,139.9平,距离4号线虹桥路站906米,满五,有钥匙,1050,75053元/平,122,中区/13层,2001年建,精装,东南,367.5万,36222元,长宁 新华路,香花桥路38弄,2007-09-21,住宅 - 公寓
http://sh.lianjia.com/ershoufang/sh4345625.html,春申府邸，生活很便利，省装修费，南北通透,春申府邸,2室2厅,86.93平,距离5号线春申路站221米,满五,有钥匙,485,55792元/平,44,低区/6层,2007年建,精装,南北,169.8万,16731元,闵行 莘庄,沪闵路5366弄,2011-07-22,住宅 - 公寓
http://sh.lianjia.com/ershoufang/sh4344020.html,看房方便，南北直通，毛坯房，4室2厅,逸兴家园,4室2厅,124.16平,距离3号线淞发路站345米,满五,有钥匙,580,46713元/平,48,高区/9层,2002年建,毛坯,南北,203万,20008元,宝山 淞南,逸仙路3456弄,2005-07-22,住宅 - 公寓
http://sh.lianjia.com/ershoufang/sh4341681.html,高清照片，满5税费少，1室1厅，看房有钥匙,古美西路316弄,1室1厅,54.64平,距离1号线莲花路站731米,满五,有钥匙,350,64055元/平,68,低区/6层,1997年建,简装,南北,122.5万,12074元,闵行 古美,古美西路316弄30-166号,2011-01-10,住宅 - 公寓
http://sh.lianjia.com/ershoufang/sh4339822.html,链家好房，正规成熟小区，最近看房多，地铁沿线,民星住宅小区,2室1厅,59.46平,距离8号线嫩江路站629米,满五,有钥匙,325,54658元/平,57,中区/18层,1991年建,简装,南,113.7万,11212元,杨浦 中原,"包头路300弄,嫩江路857-867号",2000-08-24,住宅 - 公寓
http://sh.lianjia.com/ershoufang/sh4335852.html,业主诚意出售，有钥匙房源，享受好房，满5税费少,宝石公寓,2室1厅,79.8平,距离10号线水城路站440米,满五,有钥匙,680,85213元/平,22,低区/6层,1991年建,中装,南,238万,23458元,长宁 古北,水城南路51弄16-39号,2002-05-10,住宅 - 公寓
http://sh.lianjia.com/ershoufang/sh4334904.html,业主诚意出售，钥匙在店，视野开阔，享受好房,万科城市花园,1室1厅,50.23平,距离9号线七宝站735米,满五,有钥匙,265,52757元/平,82,高区/6层,暂无数据,中装,南,92.8万,9142元,闵行 七宝,七莘路3333弄2区-15区,1999-12-13,住宅 - 公寓
http://sh.lianjia.com/ershoufang/sh4334839.html,光线充足，上门实勘，链家好房，地铁沿线,文化花园香榭丽苑,2室2厅,106.95平,距离3号线江湾镇站826米,满五,有钥匙,730,68256元/平,31,中区/11层,1999年建,精装,南,255.5万,25183元,杨浦 五角场,武川路75弄,2000-05-22,住宅 - 公寓
http://sh.lianjia.com/ershoufang/sh4334164.html,有钥匙房源，链家好房，交通便利，最近看房多,水电小区,1室1厅,31.79平,距离3号线大柏树站713米,满五,有钥匙,228,71720元/平,17,中区/6层,1987年建,简装,南,79.8万,7865元,虹口 凉城,"水电路1210弄, 水电路1132弄, 水电路1200弄, 汶水东路650弄",2007-10-30,住宅 - 公寓
http://sh.lianjia.com/ershoufang/sh4330685.html,上门实勘，交通便利，实地看房，业主诚意出售,古美七村,2室1厅,76.83平,距离1号线锦江乐园站527米,满五,有钥匙,445,57920元/平,49,低区/18层,1995年建,简装,暂无数据,155.8万,15351元,闵行 古美,平阳路50弄,暂无数据,住宅 - 公寓
http://sh.lianjia.com/ershoufang/sh4330650.html,低楼层，2室1厅，诚意出售，附近有地铁,大华二村,2室1厅,58.98平,距离7号线大华三路站691米,满五,有钥匙,350,59342元/平,110,低区/6层,1997年建,中装,南北,122.5万,12074元,宝山 大华,"新沪路285弄,新沪路345弄,新沪路405弄,新沪路475弄,新沪路837弄,新沪路960弄,大华路301弄,大华路455弄,大华路693弄,大华路781弄,大华路869弄",2000-03-18,住宅 - 公寓
http://sh.lianjia.com/ershoufang/sh4329231.html,交通方便，有爱有家，业主信赖，满五省税费,新江大楼,2室1厅,71.6平,距离12号线南京西路站728米,满五,有钥匙,630,87988元/平,35,低区/14层,1992年建,精装,南,220.5万,21733元,静安 南京西路,"江宁路301号,江宁路321号,江宁路341号",2001-08-02,住宅 - 公寓
http://sh.lianjia.com/ershoufang/sh4329105.html,苏堤春晓名苑，满五税费低，上门实勘，配套完善,苏堤春晓名苑,4室2厅,199.91平,距离13号线武宁路站334米,满五,有钥匙,1780,89040元/平,35,中区/16层,暂无数据,精装,南北,623万,61405元,普陀 长寿路,长寿路800弄,2008-08-28,住宅 - 公寓
http://sh.lianjia.com/ershoufang/sh4327009.html,享受好房，舒适三室，看房方便，光线非常好,武康路6弄,3室1厅,87.77平,距离10号线上海图书馆站693米,满五,有钥匙,920,104819元/平,67,高区/5层,1983年建,简装,南,322万,31737元,徐汇 衡山路,武康路6弄,1995-01-12,住宅 - 公寓
http://sh.lianjia.com/ershoufang/sh4325011.html,地铁沿线，低区出入方便，高清实拍，两室户,黄山始信苑,2室2厅,76.47平,距离6号线云山路站484米,满五,有钥匙,540,70615元/平,153,中区/4层,1999年建,中装,南北,189万,18629元,浦东 金杨,"枣庄路210弄,枣庄路212弄,博山东路553弄,博山东路555弄",暂无数据,住宅 - 公寓
http://sh.lianjia.com/ershoufang/sh4321450.html,附近有地铁，装修精美，两室户，配套完善,新华南园大厦,2室2厅,98.42平,距离12号线大木桥路站667米,满五,有钥匙,780,79252元/平,94,高区/28层,暂无数据,精装,南,273万,26908元,黄浦 世博滨江,龙华东路888弄,暂无数据,住宅 - 公寓
http://sh.lianjia.com/ershoufang/sh4314669.html,水电小区，看房有钥匙，生活很便利，适合自住,水电小区,2室0厅,50.61平,距离3号线大柏树站713米,满五,有钥匙,330,65204元/平,110,低区/6层,1984年建,中装,南,115.5万,11384元,虹口 凉城,"水电路1210弄, 水电路1132弄, 水电路1200弄, 汶水东路650弄",2006-02-05,住宅 - 公寓
http://sh.lianjia.com/ershoufang/sh4313628.html,懿园，高清大图，最近看房多，满5税费少,懿园,2室1厅,97.72平,距离1号线衡山路站459米,满五,有钥匙,1250,127916元/平,55,高区/3层,暂无数据,精装,南北,437.5万,43122元,徐汇 衡山路,建国西路506弄,2006-07-28,住宅 - 新里
http://sh.lianjia.com/ershoufang/sh4312030.html,奎照路4弄，好房好心情，受欢迎好房，光线充足,奎照路4弄,2室0厅,55.01平,距离3号线江湾镇站738米,满五,有钥匙,280,50899元/平,77,中区/5层,1983年建,中装,南,98万,9659元,虹口 江湾镇,奎照路4弄,2000-06-28,住宅 - 公寓
http://sh.lianjia.com/ershoufang/sh4530542.html,精致户型，满五省税费，省装修费，业主信赖,海鑫公寓,2室1厅,86.58平,距离2号线中山公园站877米,满五,有钥匙,570,65835元/平,1,高区/18层,暂无数据,精装,南,199.5万,19663元,普陀 长风,中山北路3751弄,暂无数据,住宅 - 公寓
http://sh.lianjia.com/ershoufang/sh4530350.html,实地看房，空气清新，高清大图，满五省税费,古美三村,1室1厅,49.89平,距离12号线顾戴路站936米,满五,,285,57125元/平,10,中区/6层,1995年建,中装,南,99.8万,9832元,闵行 古美,平阳路360弄,2000-12-06,住宅 - 公寓
http://sh.lianjia.com/ershoufang/sh4530034.html,工农四村五街坊，满5税费少，真实在售，抢鲜笋盘,工农四村五街坊,2室1厅,64.23平,距离8号线市光路站823米,满五,,360,56048元/平,9,低区/6层,1996年建,中装,南北,126万,12419元,杨浦 中原,"工农四村105-121号,工农四村125-127号,工农四村130-133号",暂无数据,住宅 - 公寓
http://sh.lianjia.com/ershoufang/sh4527352.html,毛坯房，配套完善，一室小户型，有钥匙,高桥二村,1室0厅,32.49平,距离6号线港城路站928米,满五,有钥匙,160,49245元/平,5,低区/6层,1981年建,毛坯,南,56万,5520元,浦东 外高桥,"清溪路6弄, （大同路116弄）",暂无数据,住宅 - 公寓
http://sh.lianjia.com/ershoufang/sh4526187.html,华高二村，链家好房，南北直通，温馨之家,华高二村,1室1厅,55.25平,距离12号线金京路站188米,满五,,282,51040元/平,7,高区/6层,1998年建,中装,南北,98.7万,9728元,浦东 高行,巨峰路997弄,暂无数据,住宅 - 公寓
http://sh.lianjia.com/ershoufang/sh4523004.html,剑河小区，看房有钥匙，正规成熟小区，上门实勘,剑河小区,1室1厅,49.8平,距离2号线北新泾站564米,满五,有钥匙,300,60240元/平,6,中区/14层,1995年建,中装,南,105万,10349元,长宁 北新泾,"剑河路230号,剑河路200号,剑河路260号",暂无数据,住宅 - 公寓
http://sh.lianjia.com/ershoufang/sh4499181.html,高桥一村，1室0厅1卫，最近看房多，业主诚意出售,高桥一村,1室0厅,32.51平,距离6号线外高桥保税区北站955米,满二,,143,43986元/平,16,中区/6层,1980年建,简装,暂无数据,50万,4933元,浦东 外高桥,大同路260弄,2013-12-26,住宅 - 公寓
http://sh.lianjia.com/ershoufang/sh4468855.html,上海滩大宁城（公寓），人气房源，舒适三室，享受好房,上海滩大宁城（公寓）,3室2厅,96.17平,距离1号线中山北路站494米,满二,,820,85265元/平,27,低区/32层,暂无数据,精装,南北,287万,28288元,闸北 大宁,中山北路899弄,暂无数据,住宅 - 公寓
http://sh.lianjia.com/ershoufang/sh4464832.html,满2年，一链倾城，看房客户多，南北直通,鞍山四村第一小区,2室1厅,53.0平,距离8号线鞍山新村站437米,满二,,370,69811元/平,29,低区/6层,1985年建,精装,南北,129.5万,12764元,杨浦 鞍山,"抚顺路373弄, 抚顺路393弄, 鞍山四村1-30号",暂无数据,住宅 - 公寓
http://sh.lianjia.com/ershoufang/sh4452340.html,业主诚意出售，交通便利，最近看房多，上门实勘,曹杨九村,1室0厅,28.68平,距离13号线金沙江路站810米,满二,,180,62761元/平,16,中区/7层,1977年建,中装,南,63万,6210元,普陀 曹杨,曹杨九村,暂无数据,住宅 - 公寓
http://sh.lianjia.com/ershoufang/sh4438546.html,正规成熟小区，出行方便，满二年，精致户型,新里米兰公寓,2室2厅,78.73平,距离11号线昌吉东路站140米,满二,,265,33659元/平,22,中区/16层,2012年建,毛坯,南,92.8万,9142元,嘉定 安亭,雅丹路789弄,2013-12-09,住宅 - 公寓
http://sh.lianjia.com/ershoufang/sh4432101.html,一品漫城（二期），配套完善，多次带看，满两年,一品漫城（二期）,5室2厅,325.75平,距离8号线芦恒路站453米,满二,,1300,39907元/平,18,地上4层,暂无数据,精装,(进门) 北,455万,44846元,闵行 浦江,浦星公路568弄168-262号,暂无数据,住宅 - 别墅
http://sh.lianjia.com/ershoufang/sh4416672.html,紫竹小区，低楼层，受欢迎好房，带装修,紫竹小区,2室1厅,60.56平,距离2号线北新泾站510米,满二,,400,66050元/平,42,低区/6层,1994年建,精装,南北,140万,13799元,长宁 北新泾,"剑河路404弄,剑河路408弄,剑河路414弄",2012-05-04,住宅 - 公寓
http://sh.lianjia.com/ershoufang/sh4395181.html,生活很便利，好房待售，正规成熟小区，满2年,东外滩1号,2室1厅,71.84平,距离12号线爱国路站777米,满二,,575,80038元/平,30,低区/32层,2012年建,精装,南北,201.2万,19836元,杨浦 周家嘴路,内江路16弄,2014-05-21,住宅 - 公寓
http://sh.lianjia.com/ershoufang/sh4392344.html,新凯城香樟苑，品质装修，适合自住，近地铁,新凯城香樟苑,2室1厅,67.19平,距离9号线佘山站836米,满二,,260,38696元/平,31,中区/14层,2011年建,精装,南,91万,8969元,松江 泗泾,泗凯路199弄,暂无数据,住宅 - 公寓
http://sh.lianjia.com/ershoufang/sh4380083.html,连波路228弄，适合自住，满2年，成熟社区,连波路228弄,2室1厅,61.57平,距离7号线芳华路站366米,满二,,380,61718元/平,24,中区/6层,1996年建,中装,南,133万,13109元,浦东 北蔡,连波路228弄,2014-04-17,住宅 - 公寓
http://sh.lianjia.com/ershoufang/sh4360378.html,满2年，装修精美，诚意出售，经典好房,常发豪庭国际,1室1厅,53.44平,距离11号线嘉定新城站648米,满二,,250,46781元/平,18,中区/18层,2013年建,精装,南,87.5万,8624元,嘉定 嘉定新城,希望路1333弄,暂无数据,住宅 - 公寓
http://sh.lianjia.com/ershoufang/sh4349568.html,满两年，正规成熟小区，附近有地铁，好房好心情,明德公寓,1室1厅,48.08平,距离12号线江浦公园站557米,满二,,305,63435元/平,36,低区/18层,暂无数据,简装,南,106.8万,10522元,杨浦 东外滩,长阳路758号,2013-05-15,住宅 - 公寓
http://sh.lianjia.com/ershoufang/sh4347674.html,南北户型，满二减税，链家房源，业主诚意出售,嘉富丽苑,3室2厅,114.79平,距离10号线上海动物园站927米,满二,,665,57931元/平,64,中区/12层,暂无数据,精装,南北,232.7万,22941元,闵行 龙柏,"黄桦路369弄,黄桦路189号",2013-04-25,住宅 - 公寓
http://sh.lianjia.com/ershoufang/sh4324409.html,交通方便，高清大图，满二年，有爱有家,华鹏花苑,2室1厅,61.29平,距离7号线行知路站968米,满二,,356,58084元/平,11,中区/6层,1997年建,中装,南,124.6万,12281元,宝山 大华,行知路572弄38-82号,2014-11-21,住宅 - 公寓
http://sh.lianjia.com/ershoufang/sh4175708.html,链家好房，交通便利，成熟社区，低区出入方便,碧云新天地（一期）,2室2厅,101.93平,距离6号线博兴路站611米,满五,有钥匙,680,66712元/平,33,中区/5层,2002年建,中装,南北,238万,23458元,浦东 金桥,"长岛路823弄,长岛路825弄",2009-04-21,住宅 - 公寓
http://sh.lianjia.com/ershoufang/sh4158136.html,交通便利，最近看房多，成熟社区，看房有钥匙,水霞小区,2室1厅,69.22平,距离2号线威宁路站688米,满五,有钥匙,470,67899元/平,51,低区/24层,1990年建,中装,南,164.5万,16214元,长宁 仙霞,"仙霞路579弄, 茅台路601弄, 茅台路597弄, 安龙路790弄, 安龙路798弄, 安龙路812弄, 安龙路820弄, 茅台路597弄, 水城路511弄, 水城路495弄, 水城路491弄, 水城路451号, 水城路449号, 水城路447号, 水城路445号, 茅台路585号",暂无数据,住宅 - 公寓
http://sh.lianjia.com/ershoufang/sh4150071.html,南北户型，看房有钥匙，满五税费低，有装修,天际花园,3室2厅,176.82平,距离9号线徐家汇站588米,满五,有钥匙,1500,84832元/平,93,低区/29层,暂无数据,精装,南北,525万,51746元,徐汇 徐家汇,南丹东路99弄,2007-07-30,住宅 - 公寓
http://sh.lianjia.com/ershoufang/sh3899748.html,品质装修，高区阳光房，满5税费少，3房出售,今日丽园,3室3厅,180.36平,距离3号线延安西路站818米,满五,有钥匙,1390,77068元/平,56,高区/28层,暂无数据,精装,南,486.5万,47951元,长宁 新华路,延安西路1328弄,2010-02-02,住宅 - 公寓
http://sh.lianjia.com/ershoufang/sh3288471.html,杉林新月（环林东路799弄），交通便利，好房待售，装修精致,杉林新月（环林东路799弄）,2室1厅,77.58平,距离11号线三林东站833米,满五,有钥匙,410,52848元/平,33,低区/16层,2004年建,精装,暂无数据,143.5万,14144元,浦东 三林,环林东路799弄,2010-03-01,住宅 - 公寓
http://sh.lianjia.com/ershoufang/sh1850194.html,零陵路190弄，成熟社区，链家房源，3房出售,零陵路190弄,3室0厅,62.05平,距离12号线大木桥路站133米,满五,有钥匙,488,78646元/平,49,中区/5层,1981年建,精装,南,170.8万,16835元,徐汇 斜土路,零陵路190弄,2005-11-29,住宅 - 公寓
http://sh.lianjia.com/ershoufang/sh1136508.html,业主诚意出售，满五年少税，视野开阔，最近看房多,张杨路370弄,1室0厅,30.48平,距离9号线商城路站521米,满五,有钥匙,265,86942元/平,15,高区/6层,1985年建,简装,南,92.8万,9142元,浦东 陆家嘴,张杨路370弄,2001-06-28,住宅 - 公寓
http://sh.lianjia.com/ershoufang/sh1068937.html,大气四室，正规成熟小区，看房客户多，高清实拍,联兴大厦,4室2厅,161.73平,距离12号线嘉善路站295米,满五,有钥匙,1080,66777元/平,56,低区/20层,暂无数据,中装,南,378万,37257元,黄浦 打浦桥,陕西南路333弄5号,2000-12-01,住宅 - 公寓
http://sh.lianjia.com/ershoufang/sh1063707.html,成熟社区，链家房源，人气房源，4室2厅,仁恒滨江园,4室2厅,241.7平,距离2号线东昌路站818米,满五,有钥匙,2300,95159元/平,54,低区/31层,暂无数据,精装,东南,805万,79344元,浦东 陆家嘴,"浦明路99弄（一、二期）,浦城路99弄（三期）",2010-01-06,住宅 - 公寓
http://sh.lianjia.com/ershoufang/sh4534371.html,装修精致，业主诚意出售，光线充足，实地看房,南洋瑞都剑桥府邸（公寓）,2室2厅,94.46平,距离5号线金平路站980米,满五,,435,46051元/平,3,中区/11层,2006年建,精装,南北,152.2万,15006元,闵行 老闵行,金平路777弄1-167号,暂无数据,住宅 - 公寓
http://sh.lianjia.com/ershoufang/sh4534033.html,业主诚意出售，南北通，新出好房，适合自住,华东花苑,2室1厅,71.4平,距离3号线上海南站站783米,满五,,430,60224元/平,3,中区/7层,1996年建,中装,南北,150.5万,14834元,徐汇 上海南站,"罗城路651弄,罗城路799弄,龙川北路436弄,龙川北路498弄",暂无数据,住宅 - 公寓
http://sh.lianjia.com/ershoufang/sh4534437.html,刚挂牌，钥匙房，好楼层，满五税费低,金鹏花园,3室2厅,101.17平,距离12号线江浦公园站284米,满五,有钥匙,680,67213元/平,7,中区/24层,1998年建,精装,东南,238万,23458元,杨浦 周家嘴路,"兰州路1100弄,兰州路1101弄",暂无数据,住宅 - 公寓
http://sh.lianjia.com/ershoufang/sh4514017.html,钥匙在店，上门实勘，受欢迎好房，诚意出售,逸仙路1321弄,1室1厅,42.88平,距离3号线殷高西路站452米,满二,有钥匙,208,48507元/平,40,高区/5层,1994年建,简装,南,72.8万,7175元,宝山 高境,"逸仙路1321弄3支弄（逸仙路391弄）,逸仙路1321弄1支弄（逸仙路391弄）",2014-02-24,住宅 - 公寓
http://sh.lianjia.com/ershoufang/sh4473782.html,交通方便，满2年，有钥匙方便看，多次带看,凌兆新村（凌兆路379弄）,1室1厅,49.92平,距离6号线灵岩南路站691米,满二,有钥匙,259,51883元/平,38,高区/6层,1996年建,简装,南,90.6万,8935元,浦东 三林,凌兆路379弄,暂无数据,住宅 - 公寓
http://sh.lianjia.com/ershoufang/sh4468510.html,出行方便，受欢迎好房，好房待售，诚意出售,东体小区,1室0厅,30.24平,距离8号线曲阳路站432米,满二,有钥匙,158,52248元/平,69,低区/5层,1957年建,简装,北,55.3万,5451元,虹口 曲阳,"玉田路400弄, 玉田路414弄, 玉田路432弄, 玉田路446弄, 东体育会路657弄, 东体育会路659弄, 赤峰路373弄, 曲阳路579号, 曲阳路581号, 曲阳路583号, 曲阳路585号, 曲阳路587号, 曲阳路589号, 东体育会路431号, 东体育会路465号, 赤峰路375-379号, 赤峰路381-385号, 赤峰路397-405号, 东体育会路431-437号, 东体育会路439-455号, 东体育会路447-453号, 东体育会路455-461号, 东体育会路463-469号, 玉田路402-412号, 玉田路416-426号, 玉田路428号, 玉田路430号, 玉田路434号, 玉田路436-442号, 玉田路448-454号, 曲阳路575号, 曲阳路577号, 曲阳路553号, 曲阳路557号, 曲阳路561号, 曲阳路563号",2014-11-26,住宅 - 公寓
http://sh.lianjia.com/ershoufang/sh4413077.html,配套完善，温馨一室，人气房源，满2年,俞一小区,1室1厅,35.75平,距离11号线龙华站383米,满二,有钥匙,228,63776元/平,25,高区/6层,1987年建,中装,南,79.8万,7865元,徐汇 龙华,龙华西路31弄1-51号,2013-11-11,住宅 - 公寓
http://sh.lianjia.com/ershoufang/sh4407250.html,慧芝湖花园，房本满两年，大气四室，链家好房,慧芝湖花园,4室2厅,139.86平,距离1号线上海马戏城站729米,满二,有钥匙,1300,92950元/平,121,中区/36层,2011年建,精装,南北,455万,44846元,闸北 大宁,"平型关路1083弄（一、二期）,平型关路1088弄（三期）,平型关路1018号",2014-01-26,住宅 - 公寓
http://sh.lianjia.com/ershoufang/sh4372276.html,装修过，1室1厅，真实在售，业主信赖,臻果国际,1室1厅,57.51平,距离10号线紫藤路站925米,满二,有钥匙,460,79986元/平,23,高区/15层,暂无数据,精装,南,161万,15869元,闵行 金汇,虹泉路1051弄3号,2013-03-21,住宅 - 公寓
http://sh.lianjia.com/ershoufang/sh4361818.html,正规成熟小区，上门实勘，钥匙房，满两年,淞南五村,2室1厅,66.44平,距离3号线长江南路站934米,满二,有钥匙,325,48916元/平,83,低区/6层,1997年建,精装,南北,113.7万,11212元,宝山 淞南,"长逸路327弄,淞南路200弄,淞南五村",暂无数据,住宅 - 公寓
http://sh.lianjia.com/ershoufang/sh4338703.html,开鲁路382弄，满两年，一链倾城，诚意出售,开鲁路382弄,1室1厅,41.54平,距离8号线市光路站310米,满二,有钥匙,225,54164元/平,15,高区/6层,1987年建,简装,南,78.8万,7762元,杨浦 中原,开鲁路382弄,2014-03-01,住宅 - 公寓
http://sh.lianjia.com/ershoufang/sh4501085.html,正规成熟小区，附近有地铁，温馨之家，新出房源,田林三村,1室1厅,39.43平,距离9号线桂林路站536米,满五,有钥匙,260,65939元/平,7,高区/6层,1987年建,精装,南,91万,8969元,徐汇 田林,田林三村,2005-02-03,住宅 - 公寓
http://sh.lianjia.com/ershoufang/sh4497392.html,建机新村，生活很便利，高清大图，好房待售,建机新村,1室0厅,35.42平,距离3号线赤峰路站504米,满二,有钥匙,190,53642元/平,23,低区/6层,1958年建,精装,北,66.5万,6554元,虹口 凉城,建机新村,2015-02-01,住宅 - 公寓
http://sh.lianjia.com/ershoufang/sh4495564.html,成熟社区，人气房源，满二年，温馨之家,天钥新村,1室1厅,46.4平,距离4号线上海体育场站210米,满二,有钥匙,340,73275元/平,11,高区/6层,1984年建,简装,南,119万,11729元,徐汇 万体馆,"中山南二路918弄, 天钥新村, 天钥二村, 零陵路634号",2013-01-01,住宅 - 公寓
http://sh.lianjia.com/ershoufang/sh4486183.html,仁恒森兰雅苑，钥匙在链家，配套完善，品质装修,仁恒森兰雅苑,2室2厅,91.41平,距离6号线五洲大道站466米,满二,有钥匙,760,83141元/平,67,中区/19层,2013年建,豪装,南,266万,26218元,浦东 金桥,"兰谷路1888弄,兰谷路2188弄,兰谷路1999弄,兰谷路2199弄,兰谷路1777弄",暂无数据,住宅 - 公寓
http://sh.lianjia.com/ershoufang/sh4474723.html,东源名都，成熟社区，高清实拍，抢鲜笋盘,东源名都,3室1厅,111.0平,距离12号线金京路站412米,满五,有钥匙,600,54054元/平,5,低区/18层,2009年建,简装,南,210万,20698元,浦东 高行,"双桥路1139弄, 双桥路1108弄（金高路977弄）",2010-11-08,住宅 - 公寓
http://sh.lianjia.com/ershoufang/sh4464485.html,地铁沿线，毛坯房，如您所见，高清照片,万顺水原墅（公寓）,1室1厅,62.8平,距离5号线北桥站827米,满二,有钥匙,258,41082元/平,26,中区/11层,2012年建,毛坯,暂无数据,90.3万,8900元,闵行 颛桥,都市路777弄,暂无数据,住宅 - 公寓
http://sh.lianjia.com/ershoufang/sh4447678.html,南北户型，成熟社区，链家有钥匙，满2年,慧芝湖花园,4室2厅,184.83平,距离1号线上海马戏城站729米,满二,有钥匙,1550,83860元/平,106,低区/23层,暂无数据,精装,南北,542.5万,53471元,闸北 大宁,"平型关路1083弄（一、二期）,平型关路1088弄（三期）,平型关路1018号",2013-06-03,住宅 - 公寓
http://sh.lianjia.com/ershoufang/sh4416021.html,新上房源，拎包入住，有钥匙，受欢迎好房,金桥爱建园,3室2厅,103.65平,,满五,有钥匙,1080,104196元/平,35,低区/14层,暂无数据,精装,南,378万,37257元,浦东 碧云,碧云路199弄,2005-03-24,住宅 - 公寓
http://sh.lianjia.com/ershoufang/sh4409579.html,省装修费，1室1厅，人气房源，成熟社区,天平3号小区,1室1厅,87.0平,距离7号线常熟路站776米,满五,有钥匙,1000,114942元/平,4,中区/3层,1949年建,精装,南,350万,34497元,徐汇 建国西路,永嘉路416弄,2007-01-01,住宅 - 新里
http://sh.lianjia.com/ershoufang/sh4396109.html,多次带看，南北直通，放心好房，配套完善,寿一小区,2室1厅,66.44平,距离6号线五莲路站750米,满二,有钥匙,320,48163元/平,21,高区/6层,暂无数据,中装,南北,112万,11039元,浦东 金桥,"莱阳路350弄,寿光路75弄,寿光路31弄",暂无数据,住宅 - 公寓
http://sh.lianjia.com/ershoufang/sh4384522.html,省装修费，成熟社区，近地铁，满二减税,万科城花新园,3室2厅,94.49平,距离9号线中春路站729米,满二,有钥匙,658,69636元/平,38,中区/6层,2011年建,精装,南,230.3万,22699元,闵行 七宝,中春路8889弄55支弄,暂无数据,住宅 - 公寓
http://sh.lianjia.com/ershoufang/sh4383566.html,上门实勘，满2年，实地看房，交通便利,延吉中路117弄,1室0厅,30.5平,距离8号线延吉中路站535米,满二,有钥匙,185,60655元/平,19,中区/5层,暂无数据,中装,南,64.8万,6382元,杨浦 控江路,延吉中路117弄,2013-09-12,住宅 - 公寓
http://sh.lianjia.com/ershoufang/sh4380359.html,配套完善，光线充足，满二减税，适合自住,金杨七街坊,2室1厅,60.74平,距离6号线云山路站708米,满二,有钥匙,330,54329元/平,97,中区/6层,暂无数据,中装,南,115.5万,11384元,浦东 金杨,"金口路471弄,金口路411弄,枣庄路810弄,枣庄路998弄",2013-10-16,住宅 - 公寓
http://sh.lianjia.com/ershoufang/sh4377102.html,禄德华苑，有钥匙房源，两室户，好房好心情,禄德华苑,2室2厅,88.95平,距离1号线宝安公路站614米,满二,有钥匙,350,39347元/平,46,高区/6层,2010年建,精装,南北,122.5万,12074元,宝山 杨行,杨鑫路98弄,暂无数据,住宅 - 公寓
http://sh.lianjia.com/ershoufang/sh4368772.html,人气房源，上门实勘，品质装修，出行方便,新梅绿岛苑,3室2厅,105.05平,距离1号线呼兰路站907米,满二,有钥匙,610,58067元/平,37,中区/14层,2007年建,精装,南北,213.5万,21043元,宝山 共康,场北路399弄,2012-06-04,住宅 - 公寓
http://sh.lianjia.com/ershoufang/sh4356081.html,航华三村三街坊，链家好房，钥匙房，实地看房,航华三村三街坊,2室1厅,79.16平,距离10号线航中路站640米,满二,有钥匙,370,46740元/平,77,低区/6层,暂无数据,中装,南,129.5万,12764元,闵行 航华,航华三村161-192号,2013-01-21,住宅 - 公寓
http://sh.lianjia.com/ershoufang/sh4343118.html,生活很便利，房本满两年，如您所见，一室小户型,三门路510弄,1室1厅,50.32平,距离3号线江湾镇站817米,满二,有钥匙,305,60612元/平,32,高区/6层,1993年建,中装,南,106.8万,10522元,杨浦 五角场,三门路510弄,2015-01-08,住宅 - 公寓
http://sh.lianjia.com/ershoufang/sh4326194.html,远景佳苑，上门实勘，满2年，有钥匙房源,远景佳苑,2室2厅,89.01平,距离7号线行知路站568米,满二,有钥匙,515,57858元/平,63,中区/6层,2001年建,中装,南北,180.2万,17766元,宝山 大华,"行知路380弄（一期）,行知路381弄（二期）,大华路1355弄（三期）",暂无数据,住宅 - 公寓
http://sh.lianjia.com/ershoufang/sh4323822.html,九歌上郡，有钥匙房源，一室小户型，配套完善,九歌上郡,1室1厅,49.23平,距离9号线合川路站323米,满二,有钥匙,368,74751元/平,88,中区/12层,2006年建,精装,南,128.8万,12695元,闵行 静安新城,宜山路2328弄,2013-02-20,住宅 - 公寓
http://sh.lianjia.com/ershoufang/sh4306856.html,新黄小区，有钥匙房源，房本满两年，南北通透,新黄小区,2室0厅,54.81平,距离7号线新村路站577米,满二,有钥匙,298,54369元/平,11,高区/6层,1995年建,简装,南北,104.3万,10280元,普陀 甘泉宜川,"黄陵路148弄,黄陵路200弄,新村路402号",2012-09-21,住宅 - 公寓
http://sh.lianjia.com/ershoufang/sh4175708.html,适合自住，配套完善，交通方便，好房待售,碧云新天地（一期）,2室2厅,101.93平,距离6号线博兴路站611米,满五,有钥匙,680,66712元/平,33,中区/5层,2002年建,中装,南北,238万,23458元,浦东 金桥,"长岛路823弄,长岛路825弄",2009-04-21,住宅 - 公寓
http://sh.lianjia.com/ershoufang/sh4158136.html,交通便利，最近看房多，成熟社区，看房有钥匙,水霞小区,2室1厅,69.22平,距离2号线威宁路站688米,满五,有钥匙,470,67899元/平,51,低区/24层,1990年建,中装,南,164.5万,16214元,长宁 仙霞,"仙霞路579弄, 茅台路601弄, 茅台路597弄, 安龙路790弄, 安龙路798弄, 安龙路812弄, 安龙路820弄, 茅台路597弄, 水城路511弄, 水城路495弄, 水城路491弄, 水城路451号, 水城路449号, 水城路447号, 水城路445号, 茅台路585号",暂无数据,住宅 - 公寓
http://sh.lianjia.com/ershoufang/sh4150071.html,南北户型，看房有钥匙，满五税费低，有装修,天际花园,3室2厅,176.82平,距离9号线徐家汇站588米,满五,有钥匙,1500,84832元/平,93,低区/29层,暂无数据,精装,南北,525万,51746元,徐汇 徐家汇,南丹东路99弄,2007-07-30,住宅 - 公寓
http://sh.lianjia.com/ershoufang/sh3899748.html,品质装修，高区阳光房，满5税费少，3房出售,今日丽园,3室3厅,180.36平,距离3号线延安西路站818米,满五,有钥匙,1390,77068元/平,56,高区/28层,暂无数据,精装,南,486.5万,47951元,长宁 新华路,延安西路1328弄,2010-02-02,住宅 - 公寓
http://sh.lianjia.com/ershoufang/sh3288471.html,杉林新月（环林东路799弄），交通便利，好房待售，装修精致,杉林新月（环林东路799弄）,2室1厅,77.58平,距离11号线三林东站833米,满五,有钥匙,410,52848元/平,33,低区/16层,2004年建,精装,暂无数据,143.5万,14144元,浦东 三林,环林东路799弄,2010-03-01,住宅 - 公寓
http://sh.lianjia.com/ershoufang/sh1850194.html,零陵路190弄，成熟社区，链家房源，3房出售,零陵路190弄,3室0厅,62.05平,距离12号线大木桥路站133米,满五,有钥匙,488,78646元/平,49,中区/5层,1981年建,精装,南,170.8万,16835元,徐汇 斜土路,零陵路190弄,2005-11-29,住宅 - 公寓
http://sh.lianjia.com/ershoufang/sh1136508.html,业主诚意出售，满五年少税，视野开阔，最近看房多,张杨路370弄,1室0厅,30.48平,距离9号线商城路站521米,满五,有钥匙,265,86942元/平,15,高区/6层,1985年建,简装,南,92.8万,9142元,浦东 陆家嘴,张杨路370弄,2001-06-28,住宅 - 公寓
http://sh.lianjia.com/ershoufang/sh1068937.html,大气四室，正规成熟小区，看房客户多，高清实拍,联兴大厦,4室2厅,161.73平,距离12号线嘉善路站295米,满五,有钥匙,1080,66777元/平,56,低区/20层,暂无数据,中装,南,378万,37257元,黄浦 打浦桥,陕西南路333弄5号,2000-12-01,住宅 - 公寓
http://sh.lianjia.com/ershoufang/sh1063707.html,成熟社区，链家房源，人气房源，4室2厅,仁恒滨江园,4室2厅,241.7平,距离2号线东昌路站818米,满五,有钥匙,2300,95159元/平,54,低区/31层,暂无数据,精装,东南,805万,79344元,浦东 陆家嘴,"浦明路99弄（一、二期）,浦城路99弄（三期）",2010-01-06,住宅 - 公寓
http://sh.lianjia.com/ershoufang/sh4534371.html,装修精致，业主诚意出售，光线充足，实地看房,南洋瑞都剑桥府邸（公寓）,2室2厅,94.46平,距离5号线金平路站980米,满五,,435,46051元/平,3,中区/11层,2006年建,精装,南北,152.2万,15006元,闵行 老闵行,金平路777弄1-167号,暂无数据,住宅 - 公寓
http://sh.lianjia.com/ershoufang/sh4534033.html,业主诚意出售，南北通，新出好房，适合自住,华东花苑,2室1厅,71.4平,距离3号线上海南站站783米,满五,,430,60224元/平,3,中区/7层,1996年建,中装,南北,150.5万,14834元,徐汇 上海南站,"罗城路651弄,罗城路799弄,龙川北路436弄,龙川北路498弄",暂无数据,住宅 - 公寓
http://sh.lianjia.com/ershoufang/sh4534437.html,刚挂牌，钥匙房，好楼层，满五税费低,金鹏花园,3室2厅,101.17平,距离12号线江浦公园站284米,满五,有钥匙,680,67213元/平,7,中区/24层,1998年建,精装,东南,238万,23458元,杨浦 周家嘴路,"兰州路1100弄,兰州路1101弄",暂无数据,住宅 - 公寓
http://sh.lianjia.com/ershoufang/sh4514017.html,钥匙在店，上门实勘，受欢迎好房，诚意出售,逸仙路1321弄,1室1厅,42.88平,距离3号线殷高西路站452米,满二,有钥匙,208,48507元/平,40,高区/5层,1994年建,简装,南,72.8万,7175元,宝山 高境,"逸仙路1321弄3支弄（逸仙路391弄）,逸仙路1321弄1支弄（逸仙路391弄）",2014-02-24,住宅 - 公寓
http://sh.lianjia.com/ershoufang/sh4473782.html,交通方便，满2年，有钥匙方便看，多次带看,凌兆新村（凌兆路379弄）,1室1厅,49.92平,距离6号线灵岩南路站691米,满二,有钥匙,259,51883元/平,38,高区/6层,1996年建,简装,南,90.6万,8935元,浦东 三林,凌兆路379弄,暂无数据,住宅 - 公寓
http://sh.lianjia.com/ershoufang/sh4468510.html,出行方便，受欢迎好房，好房待售，诚意出售,东体小区,1室0厅,30.24平,距离8号线曲阳路站432米,满二,有钥匙,158,52248元/平,69,低区/5层,1957年建,简装,北,55.3万,5451元,虹口 曲阳,"玉田路400弄, 玉田路414弄, 玉田路432弄, 玉田路446弄, 东体育会路657弄, 东体育会路659弄, 赤峰路373弄, 曲阳路579号, 曲阳路581号, 曲阳路583号, 曲阳路585号, 曲阳路587号, 曲阳路589号, 东体育会路431号, 东体育会路465号, 赤峰路375-379号, 赤峰路381-385号, 赤峰路397-405号, 东体育会路431-437号, 东体育会路439-455号, 东体育会路447-453号, 东体育会路455-461号, 东体育会路463-469号, 玉田路402-412号, 玉田路416-426号, 玉田路428号, 玉田路430号, 玉田路434号, 玉田路436-442号, 玉田路448-454号, 曲阳路575号, 曲阳路577号, 曲阳路553号, 曲阳路557号, 曲阳路561号, 曲阳路563号",2014-11-26,住宅 - 公寓
http://sh.lianjia.com/ershoufang/sh4413077.html,配套完善，温馨一室，人气房源，满2年,俞一小区,1室1厅,35.75平,距离11号线龙华站383米,满二,有钥匙,228,63776元/平,25,高区/6层,1987年建,中装,南,79.8万,7865元,徐汇 龙华,龙华西路31弄1-51号,2013-11-11,住宅 - 公寓
http://sh.lianjia.com/ershoufang/sh4407250.html,慧芝湖花园，房本满两年，大气四室，链家好房,慧芝湖花园,4室2厅,139.86平,距离1号线上海马戏城站729米,满二,有钥匙,1300,92950元/平,121,中区/36层,2011年建,精装,南北,455万,44846元,闸北 大宁,"平型关路1083弄（一、二期）,平型关路1088弄（三期）,平型关路1018号",2014-01-26,住宅 - 公寓
http://sh.lianjia.com/ershoufang/sh4372276.html,装修过，1室1厅，真实在售，业主信赖,臻果国际,1室1厅,57.51平,距离10号线紫藤路站925米,满二,有钥匙,460,79986元/平,23,高区/15层,暂无数据,精装,南,161万,15869元,闵行 金汇,虹泉路1051弄3号,2013-03-21,住宅 - 公寓
http://sh.lianjia.com/ershoufang/sh4361818.html,正规成熟小区，上门实勘，钥匙房，满两年,淞南五村,2室1厅,66.44平,距离3号线长江南路站934米,满二,有钥匙,325,48916元/平,83,低区/6层,1997年建,精装,南北,113.7万,11212元,宝山 淞南,"长逸路327弄,淞南路200弄,淞南五村",暂无数据,住宅 - 公寓
http://sh.lianjia.com/ershoufang/sh4338703.html,开鲁路382弄，满两年，一链倾城，诚意出售,开鲁路382弄,1室1厅,41.54平,距离8号线市光路站310米,满二,有钥匙,225,54164元/平,15,高区/6层,1987年建,简装,南,78.8万,7762元,杨浦 中原,开鲁路382弄,2014-03-01,住宅 - 公寓
http://sh.lianjia.com/ershoufang/sh4506243.html,上下楼方便，真实在售，实地看房，房型正气,杨南新村,2室1厅,68.01平,距离6号线上南路站369米,满二,有钥匙,415,61020元/平,20,低区/6层,1998年建,中装,南北,145.2万,14316元,浦东 三林,杨南路826弄,2014-12-25,住宅 - 公寓
http://sh.lianjia.com/ershoufang/sh4505890.html,高清大图，2室1厅1卫，如您所见，满两年,月季园（徐汇）,2室1厅,82.1平,距离1号线锦江乐园站906米,满二,有钥匙,500,60901元/平,29,低区/6层,1991年建,中装,南,175万,17249元,徐汇 康健,桂平路67弄,暂无数据,住宅 - 公寓
http://sh.lianjia.com/ershoufang/sh4501085.html,正规成熟小区，附近有地铁，温馨之家，新出房源,田林三村,1室1厅,39.43平,距离9号线桂林路站536米,满五,有钥匙,260,65939元/平,7,高区/6层,1987年建,精装,南,91万,8969元,徐汇 田林,田林三村,2005-02-03,住宅 - 公寓
http://sh.lianjia.com/ershoufang/sh4497392.html,建机新村，生活很便利，高清大图，好房待售,建机新村,1室0厅,35.42平,距离3号线赤峰路站504米,满二,有钥匙,190,53642元/平,23,低区/6层,1958年建,精装,北,66.5万,6554元,虹口 凉城,建机新村,2015-02-01,住宅 - 公寓
http://sh.lianjia.com/ershoufang/sh4495564.html,成熟社区，人气房源，满二年，温馨之家,天钥新村,1室1厅,46.4平,距离4号线上海体育场站210米,满二,有钥匙,340,73275元/平,11,高区/6层,1984年建,简装,南,119万,11729元,徐汇 万体馆,"中山南二路918弄, 天钥新村, 天钥二村, 零陵路634号",2013-01-01,住宅 - 公寓
http://sh.lianjia.com/ershoufang/sh4486183.html,仁恒森兰雅苑，钥匙在链家，配套完善，品质装修,仁恒森兰雅苑,2室2厅,91.41平,距离6号线五洲大道站466米,满二,有钥匙,760,83141元/平,67,中区/19层,2013年建,豪装,南,266万,26218元,浦东 金桥,"兰谷路1888弄,兰谷路2188弄,兰谷路1999弄,兰谷路2199弄,兰谷路1777弄",暂无数据,住宅 - 公寓
http://sh.lianjia.com/ershoufang/sh4474723.html,东源名都，成熟社区，高清实拍，抢鲜笋盘,东源名都,3室1厅,111.0平,距离12号线金京路站412米,满五,有钥匙,600,54054元/平,5,低区/18层,2009年建,简装,南,210万,20698元,浦东 高行,"双桥路1139弄, 双桥路1108弄（金高路977弄）",2010-11-08,住宅 - 公寓
http://sh.lianjia.com/ershoufang/sh4464485.html,地铁沿线，毛坯房，如您所见，高清照片,万顺水原墅（公寓）,1室1厅,62.8平,距离5号线北桥站827米,满二,有钥匙,258,41082元/平,26,中区/11层,2012年建,毛坯,暂无数据,90.3万,8900元,闵行 颛桥,都市路777弄,暂无数据,住宅 - 公寓
http://sh.lianjia.com/ershoufang/sh4447678.html,南北户型，成熟社区，链家有钥匙，满2年,慧芝湖花园,4室2厅,184.83平,距离1号线上海马戏城站729米,满二,有钥匙,1550,83860元/平,106,低区/23层,暂无数据,精装,南北,542.5万,53471元,闸北 大宁,"平型关路1083弄（一、二期）,平型关路1088弄（三期）,平型关路1018号",2013-06-03,住宅 - 公寓
http://sh.lianjia.com/ershoufang/sh4416021.html,新上房源，拎包入住，有钥匙，受欢迎好房,金桥爱建园,3室2厅,103.65平,,满五,有钥匙,1080,104196元/平,35,低区/14层,暂无数据,精装,南,378万,37257元,浦东 碧云,碧云路199弄,2005-03-24,住宅 - 公寓
http://sh.lianjia.com/ershoufang/sh4409579.html,省装修费，1室1厅，人气房源，成熟社区,天平3号小区,1室1厅,87.0平,距离7号线常熟路站776米,满五,有钥匙,1000,114942元/平,4,中区/3层,1949年建,精装,南,350万,34497元,徐汇 建国西路,永嘉路416弄,2007-01-01,住宅 - 新里
http://sh.lianjia.com/ershoufang/sh4396109.html,多次带看，南北直通，放心好房，配套完善,寿一小区,2室1厅,66.44平,距离6号线五莲路站750米,满二,有钥匙,320,48163元/平,21,高区/6层,暂无数据,中装,南北,112万,11039元,浦东 金桥,"莱阳路350弄,寿光路75弄,寿光路31弄",暂无数据,住宅 - 公寓
http://sh.lianjia.com/ershoufang/sh4384522.html,钥匙在店，品质装修，配套完善，实地看房,万科城花新园,3室2厅,94.49平,距离9号线中春路站729米,满二,有钥匙,658,69636元/平,38,中区/6层,2011年建,精装,南,230.3万,22699元,闵行 七宝,中春路8889弄55支弄,暂无数据,住宅 - 公寓
http://sh.lianjia.com/ershoufang/sh4383566.html,延吉中路117弄，1室0厅，正规成熟小区，钥匙在链家,延吉中路117弄,1室0厅,30.5平,距离8号线延吉中路站535米,满二,有钥匙,185,60655元/平,19,中区/5层,暂无数据,中装,南,64.8万,6382元,杨浦 控江路,延吉中路117弄,2013-09-12,住宅 - 公寓
http://sh.lianjia.com/ershoufang/sh4380359.html,配套完善，光线充足，满二减税，适合自住,金杨七街坊,2室1厅,60.74平,距离6号线云山路站708米,满二,有钥匙,330,54329元/平,97,中区/6层,暂无数据,中装,南,115.5万,11384元,浦东 金杨,"金口路471弄,金口路411弄,枣庄路810弄,枣庄路998弄",2013-10-16,住宅 - 公寓
http://sh.lianjia.com/ershoufang/sh4377102.html,禄德华苑，有钥匙房源，两室户，好房好心情,禄德华苑,2室2厅,88.95平,距离1号线宝安公路站614米,满二,有钥匙,350,39347元/平,46,高区/6层,2010年建,精装,南北,122.5万,12074元,宝山 杨行,杨鑫路98弄,暂无数据,住宅 - 公寓
http://sh.lianjia.com/ershoufang/sh4368772.html,人气房源，上门实勘，品质装修，出行方便,新梅绿岛苑,3室2厅,105.05平,距离1号线呼兰路站907米,满二,有钥匙,610,58067元/平,37,中区/14层,2007年建,精装,南北,213.5万,21043元,宝山 共康,场北路399弄,2012-06-04,住宅 - 公寓
http://sh.lianjia.com/ershoufang/sh4356081.html,航华三村三街坊，链家好房，钥匙房，实地看房,航华三村三街坊,2室1厅,79.16平,距离10号线航中路站640米,满二,有钥匙,370,46740元/平,77,低区/6层,暂无数据,中装,南,129.5万,12764元,闵行 航华,航华三村161-192号,2013-01-21,住宅 - 公寓
http://sh.lianjia.com/ershoufang/sh4343118.html,生活很便利，房本满两年，如您所见，一室小户型,三门路510弄,1室1厅,50.32平,距离3号线江湾镇站817米,满二,有钥匙,305,60612元/平,32,高区/6层,1993年建,中装,南,106.8万,10522元,杨浦 五角场,三门路510弄,2015-01-08,住宅 - 公寓
http://sh.lianjia.com/ershoufang/sh4326194.html,远景佳苑，上门实勘，满2年，有钥匙房源,远景佳苑,2室2厅,89.01平,距离7号线行知路站568米,满二,有钥匙,515,57858元/平,63,中区/6层,2001年建,中装,南北,180.2万,17766元,宝山 大华,"行知路380弄（一期）,行知路381弄（二期）,大华路1355弄（三期）",暂无数据,住宅 - 公寓
http://sh.lianjia.com/ershoufang/sh4461248.html,正规成熟小区，链家房源，人气房源，1室1厅1卫,财大小区,1室1厅,40.56平,距离10号线江湾体育场站800米,满五,有钥匙,240,59171元/平,13,高区/6层,1992年建,简装,南,84万,8279元,杨浦 五角场,政立路580弄,2001-10-16,住宅 - 公寓
http://sh.lianjia.com/ershoufang/sh4461117.html,凌云公寓，地铁沿线，诚意出售，链家房源,凌云公寓,2室1厅,76.71平,距离6号线灵岩南路站289米,满五,有钥匙,410,53448元/平,31,低区/18层,1999年建,中装,暂无数据,143.5万,14144元,浦东 三林,灵岩南路801弄,暂无数据,住宅 - 公寓
http://sh.lianjia.com/ershoufang/sh4460739.html,有钥匙方便看，受欢迎好房，高清实拍，诚意出售,古美十村,4室1厅,94.91平,距离1号线锦江乐园站544米,满五,有钥匙,580,61110元/平,55,中区/6层,1998年建,简装,南,203万,20008元,闵行 古美,平阳路111弄,2010-03-23,住宅 - 公寓
http://sh.lianjia.com/ershoufang/sh4460300.html,在售四房，上门实拍，诚意出售，多次带看,浦东世纪花园（公寓）,4室2厅,223.51平,距离2号线世纪公园站527米,满五,有钥匙,1900,85007元/平,45,低区/30层,2005年建,中装,南北,665万,65545元,浦东 花木,银霄路39弄，银霄路100弄,2003-03-06,住宅 - 公寓
http://sh.lianjia.com/ershoufang/sh4459454.html,好房好心情，满5税费少，上门实勘，地铁沿线,国和一村,1室1厅,43.4平,距离8号线嫩江路站557米,满五,有钥匙,255,58755元/平,84,中区/6层,1991年建,简装,南,89.2万,8797元,杨浦 中原,国和一村,暂无数据,住宅 - 公寓
http://sh.lianjia.com/ershoufang/sh4454718.html,简约二室，满5税费少，有钥匙房源，装修精美,千路公寓,2室2厅,131.0平,距离13号线江宁路站334米,满五,有钥匙,960,73282元/平,45,高区/21层,暂无数据,精装,南,336万,33117元,普陀 长寿路,陕西北路1588号,暂无数据,住宅 - 公寓
http://sh.lianjia.com/ershoufang/sh4452876.html,有钥匙方便看，近地铁，高区阳光房，适合自住,仁宝公寓,2室2厅,87.34平,距离4号线南浦大桥站237米,满五,有钥匙,660,75566元/平,227,高区/26层,1996年建,中装,东西,231万,22768元,黄浦 蓬莱公园,陆家浜路468弄88、98号,暂无数据,住宅 - 公寓
http://sh.lianjia.com/ershoufang/sh4452430.html,成熟社区，带装修，满5税费少，上门实勘,嘉利明珠城,2室2厅,91.25平,距离1号线延长路站802米,满五,有钥匙,740,81095元/平,125,低区/28层,暂无数据,精装,南北,259万,25528元,闸北 闸北公园,平型关路377弄,暂无数据,住宅 - 公寓
http://sh.lianjia.com/ershoufang/sh4452396.html,房型正气，实地看房，上门实勘，业主诚意出售,延吉七村,2室1厅,54.19平,距离8号线延吉中路站186米,满五,有钥匙,350,64587元/平,199,中区/6层,1986年建,简装,南北,122.5万,12074元,杨浦 黄兴公园,"延吉七村,营口路113弄",2000-04-03,住宅 - 公寓
http://sh.lianjia.com/ershoufang/sh4451768.html,有爱有家，生活很便利，诚意出售，3室2厅,聚龙大厦,3室2厅,129.03平,距离8号线中兴路站328米,满五,有钥匙,630,48825元/平,102,高区/24层,1996年建,精装,东北,220.5万,21733元,闸北 西藏北路,"虬江路1240号, 虬江路1258弄1号",2007-09-03,住宅 - 公寓
http://sh.lianjia.com/ershoufang/sh4449937.html,有爱有家，交通便利，3室2厅2卫，高清大图,兰馨楼,3室2厅,155.18平,距离10号线龙溪路站514米,满五,有钥匙,725,46719元/平,22,中区/4层,1994年建,精装,南北,253.7万,25011元,长宁 西郊,延安西路3295号,2004-09-22,住宅 - 公寓
http://sh.lianjia.com/ershoufang/sh4449150.html,上门实拍，2室1厅，业主诚意出售，一链倾城,钦州花苑,2室1厅,88.47平,距离9号线桂林路站900米,满五,有钥匙,530,59907元/平,27,高区/29层,暂无数据,简装,南,185.5万,18284元,徐汇 田林,"钦州路840号,钦州路860号,钦州路880号,钦州路900号,钦州路920号",暂无数据,住宅 - 公寓
http://sh.lianjia.com/ershoufang/sh4447952.html,配套完善，实地看房，钥匙房，视野开阔,国和路600弄,1室1厅,49.14平,距离10号线三门路站908米,满五,有钥匙,250,50875元/平,24,高区/6层,1996年建,中装,南,87.5万,8624元,杨浦 中原,国和路600弄,暂无数据,住宅 - 公寓
http://sh.lianjia.com/ershoufang/sh4440364.html,装修经典，满五省税费，钥匙在链家，一链倾城,中凯城市之光（静安）,2室1厅,79.47平,距离12号线南京西路站626米,满五,有钥匙,800,100666元/平,73,中区/34层,暂无数据,豪装,南北,280万,27598元,静安 南京西路,"威海路333弄,大沽路368弄（回搬房）,大沽路398弄",2010-05-16,住宅 - 公寓
http://sh.lianjia.com/ershoufang/sh4440357.html,临沂三村，钥匙房，满五税费低，适合自住,临沂三村,2室0厅,57.13平,距离6号线临沂新村站725米,满五,有钥匙,360,63014元/平,18,低区/6层,1987年建,简装,南,126万,12419元,浦东 南码头,"华丰路51弄,临沂路280弄,南码头路450弄,浦东南路3405弄",暂无数据,住宅 - 公寓
http://sh.lianjia.com/ershoufang/sh4439658.html,满五税费低，高清实拍，看房有钥匙，好房好心情,控江二村,1室1厅,44.88平,距离8号线黄兴路站210米,满五,有钥匙,310,69073元/平,35,中区/5层,1973年建,中装,南,108.5万,10694元,杨浦 控江路,控江二村,暂无数据,住宅 - 公寓
http://sh.lianjia.com/ershoufang/sh4437962.html,链家有钥匙，满五省税费，放心好房，高清照片,新江湾时代花园,2室2厅,81.29平,距离8号线市光路站927米,满五,有钥匙,590,72579元/平,76,低区/6层,2000年建,中装,南,206.5万,20353元,杨浦 新江湾城,殷行路850弄,2009-09-04,住宅 - 公寓
http://sh.lianjia.com/ershoufang/sh4437525.html,毛坯房，高清照片，正规成熟小区，业主诚意出售,凉城一村,2室1厅,74.48平,距离3号线大柏树站732米,满五,有钥匙,450,60418元/平,52,低区/18层,1991年建,毛坯,东南,157.5万,15524元,虹口 凉城,水电路1312弄,2000-11-18,住宅 - 公寓
http://sh.lianjia.com/ershoufang/sh4437165.html,一链倾城，正规成熟小区，好楼层，南北通,滨江名人苑,2室2厅,130.57平,距离9号线小南门站781米,满五,有钥匙,1210,92670元/平,182,中区/32层,暂无数据,中装,南北,423.5万,41742元,黄浦 黄浦滨江,中华路88弄,2005-04-04,住宅 - 公寓
http://sh.lianjia.com/ershoufang/sh4437116.html,文华苑（宝山），成熟社区，业主诚意出售，高清实拍,文华苑（宝山）,2室2厅,85.65平,距离7号线行知路站686米,满五,有钥匙,520,60712元/平,34,高区/6层,1999年建,中装,南,182万,17939元,宝山 大华,"大华路901弄（一期）,华灵路1210弄（二、三期）,华灵路1280弄（二、三期）,华灵路1180弄（四期）,新沪路1099弄（五期）",2010-07-15,住宅 - 公寓
